{
  "type": "FeatureCollection",
  "name": "buildings_metabolism",
  "crs_note": "Coordinates in EPSG:4326; areas recomputed in EPSG:4548.",
  "features": [
    {
      "type": "Feature",
      "id": "BLDG-001",
      "properties": {
        "id": "BLDG-001",
        "layer": "BUILDING_FOOTPRINT",
        "building_type": "ai_r_and_d",
        "intervention": "new_concept",
        "concept_floors": "4-8",
        "massing_status": "conceptual_design_suggestion",
        "name_zh": "众智园研发组团",
        "source_type": "agent_generated_design",
        "confidence": "low",
        "geometry_role": "design_proposal",
        "area_sqm_declared": 2108.103,
        "design_note_zh": "概念体量建议，非建筑高度或容积率结论；待正式控规条件确认。"
      },
      "geometry": {
        "type": "Polygon",
        "coordinates": [
          [
            [
              116.3445437,
              40.008091
            ],
            [
              116.3445408,
              40.0083972
            ],
            [
              116.3438147,
              40.0083931
            ],
            [
              116.3438176,
              40.0080869
            ],
            [
              116.3445437,
              40.008091
            ]
          ]
        ]
      }
    },
    {
      "type": "Feature",
      "id": "BLDG-002",
      "properties": {
        "id": "BLDG-002",
        "layer": "BUILDING_FOOTPRINT",
        "building_type": "ai_r_and_d",
        "intervention": "new_concept",
        "concept_floors": "4-8",
        "massing_status": "conceptual_design_suggestion",
        "name_zh": "众智园研发组团",
        "source_type": "agent_generated_design",
        "confidence": "low",
        "geometry_role": "design_proposal",
        "area_sqm_declared": 2107.959,
        "design_note_zh": "概念体量建议，非建筑高度或容积率结论；待正式控规条件确认。"
      },
      "geometry": {
        "type": "Polygon",
        "coordinates": [
          [
            [
              116.3456211,
              40.0080971
            ],
            [
              116.3456182,
              40.0084033
            ],
            [
              116.3448921,
              40.0083992
            ],
            [
              116.3448951,
              40.008093
            ],
            [
              116.3456211,
              40.0080971
            ]
          ]
        ]
      }
    },
    {
      "type": "Feature",
      "id": "BLDG-003",
      "properties": {
        "id": "BLDG-003",
        "layer": "BUILDING_FOOTPRINT",
        "building_type": "ai_r_and_d",
        "intervention": "new_concept",
        "concept_floors": "4-8",
        "massing_status": "conceptual_design_suggestion",
        "name_zh": "众智园研发组团",
        "source_type": "agent_generated_design",
        "confidence": "low",
        "geometry_role": "design_proposal",
        "area_sqm_declared": 2107.754,
        "design_note_zh": "概念体量建议，非建筑高度或容积率结论；待正式控规条件确认。"
      },
      "geometry": {
        "type": "Polygon",
        "coordinates": [
          [
            [
              116.3499308,
              40.0081214
            ],
            [
              116.3499279,
              40.0084275
            ],
            [
              116.3492018,
              40.0084235
            ],
            [
              116.3492047,
              40.0081173
            ],
            [
              116.3499308,
              40.0081214
            ]
          ]
        ]
      }
    },
    {
      "type": "Feature",
      "id": "BLDG-004",
      "properties": {
        "id": "BLDG-004",
        "layer": "BUILDING_FOOTPRINT",
        "building_type": "ai_r_and_d",
        "intervention": "new_concept",
        "concept_floors": "4-8",
        "massing_status": "conceptual_design_suggestion",
        "name_zh": "众智园研发组团",
        "source_type": "agent_generated_design",
        "confidence": "low",
        "geometry_role": "design_proposal",
        "area_sqm_declared": 2108.086,
        "design_note_zh": "概念体量建议，非建筑高度或容积率结论；待正式控规条件确认。"
      },
      "geometry": {
        "type": "Polygon",
        "coordinates": [
          [
            [
              116.3445382,
              40.0086674
            ],
            [
              116.3445353,
              40.0089736
            ],
            [
              116.3438092,
              40.0089695
            ],
            [
              116.3438121,
              40.0086633
            ],
            [
              116.3445382,
              40.0086674
            ]
          ]
        ]
      }
    },
    {
      "type": "Feature",
      "id": "BLDG-005",
      "properties": {
        "id": "BLDG-005",
        "layer": "BUILDING_FOOTPRINT",
        "building_type": "ai_r_and_d",
        "intervention": "new_concept",
        "concept_floors": "4-8",
        "massing_status": "conceptual_design_suggestion",
        "name_zh": "众智园研发组团",
        "source_type": "agent_generated_design",
        "confidence": "low",
        "geometry_role": "design_proposal",
        "area_sqm_declared": 2108.085,
        "design_note_zh": "概念体量建议，非建筑高度或容积率结论；待正式控规条件确认。"
      },
      "geometry": {
        "type": "Polygon",
        "coordinates": [
          [
            [
              116.3456156,
              40.0086735
            ],
            [
              116.3456127,
              40.0089797
            ],
            [
              116.3448866,
              40.0089756
            ],
            [
              116.3448895,
              40.0086694
            ],
            [
              116.3456156,
              40.0086735
            ]
          ]
        ]
      }
    },
    {
      "type": "Feature",
      "id": "BLDG-006",
      "properties": {
        "id": "BLDG-006",
        "layer": "BUILDING_FOOTPRINT",
        "building_type": "ai_r_and_d",
        "intervention": "new_concept",
        "concept_floors": "4-8",
        "massing_status": "conceptual_design_suggestion",
        "name_zh": "众智园研发组团",
        "source_type": "agent_generated_design",
        "confidence": "low",
        "geometry_role": "design_proposal",
        "area_sqm_declared": 2108.082,
        "design_note_zh": "概念体量建议，非建筑高度或容积率结论；待正式控规条件确认。"
      },
      "geometry": {
        "type": "Polygon",
        "coordinates": [
          [
            [
              116.3499253,
              40.0086977
            ],
            [
              116.3499224,
              40.0090039
            ],
            [
              116.3491963,
              40.0089998
            ],
            [
              116.3491992,
              40.0086936
            ],
            [
              116.3499253,
              40.0086977
            ]
          ]
        ]
      }
    },
    {
      "type": "Feature",
      "id": "BLDG-007",
      "properties": {
        "id": "BLDG-007",
        "layer": "BUILDING_FOOTPRINT",
        "building_type": "ai_r_and_d",
        "intervention": "new_concept",
        "concept_floors": "4-8",
        "massing_status": "conceptual_design_suggestion",
        "name_zh": "众智园研发组团",
        "source_type": "agent_generated_design",
        "confidence": "low",
        "geometry_role": "design_proposal",
        "area_sqm_declared": 2108.068,
        "design_note_zh": "概念体量建议，非建筑高度或容积率结论；待正式控规条件确认。"
      },
      "geometry": {
        "type": "Polygon",
        "coordinates": [
          [
            [
              116.3445327,
              40.0092437
            ],
            [
              116.3445298,
              40.0095499
            ],
            [
              116.3438037,
              40.0095458
            ],
            [
              116.3438066,
              40.0092396
            ],
            [
              116.3445327,
              40.0092437
            ]
          ]
        ]
      }
    },
    {
      "type": "Feature",
      "id": "BLDG-008",
      "properties": {
        "id": "BLDG-008",
        "layer": "BUILDING_FOOTPRINT",
        "building_type": "ai_r_and_d",
        "intervention": "new_concept",
        "concept_floors": "4-8",
        "massing_status": "conceptual_design_suggestion",
        "name_zh": "众智园研发组团",
        "source_type": "agent_generated_design",
        "confidence": "low",
        "geometry_role": "design_proposal",
        "area_sqm_declared": 2108.067,
        "design_note_zh": "概念体量建议，非建筑高度或容积率结论；待正式控规条件确认。"
      },
      "geometry": {
        "type": "Polygon",
        "coordinates": [
          [
            [
              116.3456101,
              40.0092498
            ],
            [
              116.3456072,
              40.009556
            ],
            [
              116.3448811,
              40.0095519
            ],
            [
              116.344884,
              40.0092457
            ],
            [
              116.3456101,
              40.0092498
            ]
          ]
        ]
      }
    },
    {
      "type": "Feature",
      "id": "BLDG-009",
      "properties": {
        "id": "BLDG-009",
        "layer": "BUILDING_FOOTPRINT",
        "building_type": "ai_r_and_d",
        "intervention": "new_concept",
        "concept_floors": "4-8",
        "massing_status": "conceptual_design_suggestion",
        "name_zh": "众智园研发组团",
        "source_type": "agent_generated_design",
        "confidence": "low",
        "geometry_role": "design_proposal",
        "area_sqm_declared": 2108.064,
        "design_note_zh": "概念体量建议，非建筑高度或容积率结论；待正式控规条件确认。"
      },
      "geometry": {
        "type": "Polygon",
        "coordinates": [
          [
            [
              116.3499199,
              40.0092741
            ],
            [
              116.349917,
              40.0095803
            ],
            [
              116.3491909,
              40.0095762
            ],
            [
              116.3491938,
              40.00927
            ],
            [
              116.3499199,
              40.0092741
            ]
          ]
        ]
      }
    },
    {
      "type": "Feature",
      "id": "BLDG-010",
      "properties": {
        "id": "BLDG-010",
        "layer": "BUILDING_FOOTPRINT",
        "building_type": "ai_r_and_d",
        "intervention": "new_concept",
        "concept_floors": "4-8",
        "massing_status": "conceptual_design_suggestion",
        "name_zh": "众智园研发组团",
        "source_type": "agent_generated_design",
        "confidence": "low",
        "geometry_role": "design_proposal",
        "area_sqm_declared": 2108.198,
        "design_note_zh": "概念体量建议，非建筑高度或容积率结论；待正式控规条件确认。"
      },
      "geometry": {
        "type": "Polygon",
        "coordinates": [
          [
            [
              116.3445272,
              40.0098201
            ],
            [
              116.3445243,
              40.0101263
            ],
            [
              116.3437981,
              40.0101222
            ],
            [
              116.3438011,
              40.009816
            ],
            [
              116.3445272,
              40.0098201
            ]
          ]
        ]
      }
    },
    {
      "type": "Feature",
      "id": "BLDG-011",
      "properties": {
        "id": "BLDG-011",
        "layer": "BUILDING_FOOTPRINT",
        "building_type": "ai_r_and_d",
        "intervention": "new_concept",
        "concept_floors": "4-8",
        "massing_status": "conceptual_design_suggestion",
        "name_zh": "众智园研发组团",
        "source_type": "agent_generated_design",
        "confidence": "low",
        "geometry_role": "design_proposal",
        "area_sqm_declared": 2108.05,
        "design_note_zh": "概念体量建议，非建筑高度或容积率结论；待正式控规条件确认。"
      },
      "geometry": {
        "type": "Polygon",
        "coordinates": [
          [
            [
              116.3456046,
              40.0098262
            ],
            [
              116.3456017,
              40.0101324
            ],
            [
              116.3448756,
              40.0101283
            ],
            [
              116.3448785,
              40.0098221
            ],
            [
              116.3456046,
              40.0098262
            ]
          ]
        ]
      }
    },
    {
      "type": "Feature",
      "id": "BLDG-012",
      "properties": {
        "id": "BLDG-012",
        "layer": "BUILDING_FOOTPRINT",
        "building_type": "ai_r_and_d",
        "intervention": "new_concept",
        "concept_floors": "4-8",
        "massing_status": "conceptual_design_suggestion",
        "name_zh": "众智园研发组团",
        "source_type": "agent_generated_design",
        "confidence": "low",
        "geometry_role": "design_proposal",
        "area_sqm_declared": 2108.044,
        "design_note_zh": "概念体量建议，非建筑高度或容积率结论；待正式控规条件确认。"
      },
      "geometry": {
        "type": "Polygon",
        "coordinates": [
          [
            [
              116.3499144,
              40.0098504
            ],
            [
              116.3499115,
              40.0101566
            ],
            [
              116.3491854,
              40.0101526
            ],
            [
              116.3491883,
              40.0098464
            ],
            [
              116.3499144,
              40.0098504
            ]
          ]
        ]
      }
    },
    {
      "type": "Feature",
      "id": "BLDG-013",
      "properties": {
        "id": "BLDG-013",
        "layer": "BUILDING_FOOTPRINT",
        "building_type": "ai_r_and_d",
        "intervention": "new_concept",
        "concept_floors": "4-8",
        "massing_status": "conceptual_design_suggestion",
        "name_zh": "众智园研发组团",
        "source_type": "agent_generated_design",
        "confidence": "low",
        "geometry_role": "design_proposal",
        "area_sqm_declared": 2108.037,
        "design_note_zh": "概念体量建议，非建筑高度或容积率结论；待正式控规条件确认。"
      },
      "geometry": {
        "type": "Polygon",
        "coordinates": [
          [
            [
              116.3445217,
              40.0103964
            ],
            [
              116.3445187,
              40.0107026
            ],
            [
              116.3437926,
              40.0106985
            ],
            [
              116.3437956,
              40.0103923
            ],
            [
              116.3445217,
              40.0103964
            ]
          ]
        ]
      }
    },
    {
      "type": "Feature",
      "id": "BLDG-014",
      "properties": {
        "id": "BLDG-014",
        "layer": "BUILDING_FOOTPRINT",
        "building_type": "ai_r_and_d",
        "intervention": "new_concept",
        "concept_floors": "4-8",
        "massing_status": "conceptual_design_suggestion",
        "name_zh": "众智园研发组团",
        "source_type": "agent_generated_design",
        "confidence": "low",
        "geometry_role": "design_proposal",
        "area_sqm_declared": 2108.032,
        "design_note_zh": "概念体量建议，非建筑高度或容积率结论；待正式控规条件确认。"
      },
      "geometry": {
        "type": "Polygon",
        "coordinates": [
          [
            [
              116.3455991,
              40.0104025
            ],
            [
              116.3455962,
              40.0107087
            ],
            [
              116.3448701,
              40.0107046
            ],
            [
              116.344873,
              40.0103984
            ],
            [
              116.3455991,
              40.0104025
            ]
          ]
        ]
      }
    },
    {
      "type": "Feature",
      "id": "BLDG-015",
      "properties": {
        "id": "BLDG-015",
        "layer": "BUILDING_FOOTPRINT",
        "building_type": "ai_r_and_d",
        "intervention": "new_concept",
        "concept_floors": "4-8",
        "massing_status": "conceptual_design_suggestion",
        "name_zh": "众智园研发组团",
        "source_type": "agent_generated_design",
        "confidence": "low",
        "geometry_role": "design_proposal",
        "area_sqm_declared": 2108.029,
        "design_note_zh": "概念体量建议，非建筑高度或容积率结论；待正式控规条件确认。"
      },
      "geometry": {
        "type": "Polygon",
        "coordinates": [
          [
            [
              116.3499089,
              40.0104268
            ],
            [
              116.349906,
              40.010733
            ],
            [
              116.3491799,
              40.0107289
            ],
            [
              116.3491828,
              40.0104227
            ],
            [
              116.3499089,
              40.0104268
            ]
          ]
        ]
      }
    },
    {
      "type": "Feature",
      "id": "BLDG-016",
      "properties": {
        "id": "BLDG-016",
        "layer": "BUILDING_FOOTPRINT",
        "building_type": "ai_r_and_d",
        "intervention": "new_concept",
        "concept_floors": "4-8",
        "massing_status": "conceptual_design_suggestion",
        "name_zh": "众智园研发组团",
        "source_type": "agent_generated_design",
        "confidence": "low",
        "geometry_role": "design_proposal",
        "area_sqm_declared": 2108.163,
        "design_note_zh": "概念体量建议，非建筑高度或容积率结论；待正式控规条件确认。"
      },
      "geometry": {
        "type": "Polygon",
        "coordinates": [
          [
            [
              116.3445162,
              40.0109728
            ],
            [
              116.3445132,
              40.011279
            ],
            [
              116.3437871,
              40.0112749
            ],
            [
              116.34379,
              40.0109687
            ],
            [
              116.3445162,
              40.0109728
            ]
          ]
        ]
      }
    },
    {
      "type": "Feature",
      "id": "BLDG-017",
      "properties": {
        "id": "BLDG-017",
        "layer": "BUILDING_FOOTPRINT",
        "building_type": "ai_r_and_d",
        "intervention": "new_concept",
        "concept_floors": "4-8",
        "massing_status": "conceptual_design_suggestion",
        "name_zh": "众智园研发组团",
        "source_type": "agent_generated_design",
        "confidence": "low",
        "geometry_role": "design_proposal",
        "area_sqm_declared": 2108.015,
        "design_note_zh": "概念体量建议，非建筑高度或容积率结论；待正式控规条件确认。"
      },
      "geometry": {
        "type": "Polygon",
        "coordinates": [
          [
            [
              116.3455936,
              40.0109789
            ],
            [
              116.3455907,
              40.0112851
            ],
            [
              116.3448646,
              40.011281
            ],
            [
              116.3448675,
              40.0109748
            ],
            [
              116.3455936,
              40.0109789
            ]
          ]
        ]
      }
    },
    {
      "type": "Feature",
      "id": "BLDG-018",
      "properties": {
        "id": "BLDG-018",
        "layer": "BUILDING_FOOTPRINT",
        "building_type": "ai_r_and_d",
        "intervention": "new_concept",
        "concept_floors": "4-8",
        "massing_status": "conceptual_design_suggestion",
        "name_zh": "众智园研发组团",
        "source_type": "agent_generated_design",
        "confidence": "low",
        "geometry_role": "design_proposal",
        "area_sqm_declared": 2107.813,
        "design_note_zh": "概念体量建议，非建筑高度或容积率结论；待正式控规条件确认。"
      },
      "geometry": {
        "type": "Polygon",
        "coordinates": [
          [
            [
              116.3499035,
              40.0110032
            ],
            [
              116.3499006,
              40.0113093
            ],
            [
              116.3491744,
              40.0113053
            ],
            [
              116.3491774,
              40.0109991
            ],
            [
              116.3499035,
              40.0110032
            ]
          ]
        ]
      }
    },
    {
      "type": "Feature",
      "id": "BLDG-019",
      "properties": {
        "id": "BLDG-019",
        "layer": "BUILDING_FOOTPRINT",
        "building_type": "ai_r_and_d",
        "intervention": "new_concept",
        "concept_floors": "4-8",
        "massing_status": "conceptual_design_suggestion",
        "name_zh": "众智园研发组团",
        "source_type": "agent_generated_design",
        "confidence": "low",
        "geometry_role": "design_proposal",
        "area_sqm_declared": 2107.655,
        "design_note_zh": "概念体量建议，非建筑高度或容积率结论；待正式控规条件确认。"
      },
      "geometry": {
        "type": "Polygon",
        "coordinates": [
          [
            [
              116.3445106,
              40.0115492
            ],
            [
              116.3445077,
              40.0118554
            ],
            [
              116.3437816,
              40.0118512
            ],
            [
              116.3437845,
              40.0115451
            ],
            [
              116.3445106,
              40.0115492
            ]
          ]
        ]
      }
    },
    {
      "type": "Feature",
      "id": "BLDG-020",
      "properties": {
        "id": "BLDG-020",
        "layer": "BUILDING_FOOTPRINT",
        "building_type": "ai_r_and_d",
        "intervention": "new_concept",
        "concept_floors": "4-8",
        "massing_status": "conceptual_design_suggestion",
        "name_zh": "众智园研发组团",
        "source_type": "agent_generated_design",
        "confidence": "low",
        "geometry_role": "design_proposal",
        "area_sqm_declared": 2107.309,
        "design_note_zh": "概念体量建议，非建筑高度或容积率结论；待正式控规条件确认。"
      },
      "geometry": {
        "type": "Polygon",
        "coordinates": [
          [
            [
              116.3455881,
              40.0115553
            ],
            [
              116.3455852,
              40.0118614
            ],
            [
              116.3448591,
              40.0118573
            ],
            [
              116.344862,
              40.0115512
            ],
            [
              116.3455881,
              40.0115553
            ]
          ]
        ]
      }
    },
    {
      "type": "Feature",
      "id": "BLDG-021",
      "properties": {
        "id": "BLDG-021",
        "layer": "BUILDING_FOOTPRINT",
        "building_type": "ai_r_and_d",
        "intervention": "new_concept",
        "concept_floors": "4-8",
        "massing_status": "conceptual_design_suggestion",
        "name_zh": "众智园研发组团",
        "source_type": "agent_generated_design",
        "confidence": "low",
        "geometry_role": "design_proposal",
        "area_sqm_declared": 2107.994,
        "design_note_zh": "概念体量建议，非建筑高度或容积率结论；待正式控规条件确认。"
      },
      "geometry": {
        "type": "Polygon",
        "coordinates": [
          [
            [
              116.349898,
              40.0115795
            ],
            [
              116.3498951,
              40.0118857
            ],
            [
              116.349169,
              40.0118816
            ],
            [
              116.3491719,
              40.0115754
            ],
            [
              116.349898,
              40.0115795
            ]
          ]
        ]
      }
    },
    {
      "type": "Feature",
      "id": "BLDG-022",
      "properties": {
        "id": "BLDG-022",
        "layer": "BUILDING_FOOTPRINT",
        "building_type": "ai_r_and_d",
        "intervention": "new_concept",
        "concept_floors": "4-8",
        "massing_status": "conceptual_design_suggestion",
        "name_zh": "众智园研发组团",
        "source_type": "agent_generated_design",
        "confidence": "low",
        "geometry_role": "design_proposal",
        "area_sqm_declared": 2107.98,
        "design_note_zh": "概念体量建议，非建筑高度或容积率结论；待正式控规条件确认。"
      },
      "geometry": {
        "type": "Polygon",
        "coordinates": [
          [
            [
              116.3445051,
              40.0121255
            ],
            [
              116.3445022,
              40.0124317
            ],
            [
              116.3437761,
              40.0124276
            ],
            [
              116.343779,
              40.0121214
            ],
            [
              116.3445051,
              40.0121255
            ]
          ]
        ]
      }
    },
    {
      "type": "Feature",
      "id": "BLDG-023",
      "properties": {
        "id": "BLDG-023",
        "layer": "BUILDING_FOOTPRINT",
        "building_type": "ai_r_and_d",
        "intervention": "new_concept",
        "concept_floors": "4-8",
        "massing_status": "conceptual_design_suggestion",
        "name_zh": "众智园研发组团",
        "source_type": "agent_generated_design",
        "confidence": "low",
        "geometry_role": "design_proposal",
        "area_sqm_declared": 2107.98,
        "design_note_zh": "概念体量建议，非建筑高度或容积率结论；待正式控规条件确认。"
      },
      "geometry": {
        "type": "Polygon",
        "coordinates": [
          [
            [
              116.3455826,
              40.0121316
            ],
            [
              116.3455797,
              40.0124378
            ],
            [
              116.3448536,
              40.0124337
            ],
            [
              116.3448565,
              40.0121275
            ],
            [
              116.3455826,
              40.0121316
            ]
          ]
        ]
      }
    },
    {
      "type": "Feature",
      "id": "BLDG-024",
      "properties": {
        "id": "BLDG-024",
        "layer": "BUILDING_FOOTPRINT",
        "building_type": "ai_r_and_d",
        "intervention": "new_concept",
        "concept_floors": "4-8",
        "massing_status": "conceptual_design_suggestion",
        "name_zh": "众智园研发组团",
        "source_type": "agent_generated_design",
        "confidence": "low",
        "geometry_role": "design_proposal",
        "area_sqm_declared": 2107.977,
        "design_note_zh": "概念体量建议，非建筑高度或容积率结论；待正式控规条件确认。"
      },
      "geometry": {
        "type": "Polygon",
        "coordinates": [
          [
            [
              116.3498925,
              40.0121559
            ],
            [
              116.3498896,
              40.0124621
            ],
            [
              116.3491635,
              40.012458
            ],
            [
              116.3491664,
              40.0121518
            ],
            [
              116.3498925,
              40.0121559
            ]
          ]
        ]
      }
    },
    {
      "type": "Feature",
      "id": "BLDG-025",
      "properties": {
        "id": "BLDG-025",
        "layer": "BUILDING_FOOTPRINT",
        "building_type": "ai_r_and_d",
        "intervention": "new_concept",
        "concept_floors": "4-8",
        "massing_status": "conceptual_design_suggestion",
        "name_zh": "众智园研发组团",
        "source_type": "agent_generated_design",
        "confidence": "low",
        "geometry_role": "design_proposal",
        "area_sqm_declared": 2108.11,
        "design_note_zh": "概念体量建议，非建筑高度或容积率结论；待正式控规条件确认。"
      },
      "geometry": {
        "type": "Polygon",
        "coordinates": [
          [
            [
              116.3444996,
              40.0127019
            ],
            [
              116.3444967,
              40.0130081
            ],
            [
              116.3437705,
              40.013004
            ],
            [
              116.3437735,
              40.0126978
            ],
            [
              116.3444996,
              40.0127019
            ]
          ]
        ]
      }
    },
    {
      "type": "Feature",
      "id": "BLDG-026",
      "properties": {
        "id": "BLDG-026",
        "layer": "BUILDING_FOOTPRINT",
        "building_type": "ai_r_and_d",
        "intervention": "new_concept",
        "concept_floors": "4-8",
        "massing_status": "conceptual_design_suggestion",
        "name_zh": "众智园研发组团",
        "source_type": "agent_generated_design",
        "confidence": "low",
        "geometry_role": "design_proposal",
        "area_sqm_declared": 2108.109,
        "design_note_zh": "概念体量建议，非建筑高度或容积率结论；待正式控规条件确认。"
      },
      "geometry": {
        "type": "Polygon",
        "coordinates": [
          [
            [
              116.3455771,
              40.012708
            ],
            [
              116.3455742,
              40.0130142
            ],
            [
              116.344848,
              40.0130101
            ],
            [
              116.344851,
              40.0127039
            ],
            [
              116.3455771,
              40.012708
            ]
          ]
        ]
      }
    },
    {
      "type": "Feature",
      "id": "BLDG-027",
      "properties": {
        "id": "BLDG-027",
        "layer": "BUILDING_FOOTPRINT",
        "building_type": "ai_r_and_d",
        "intervention": "new_concept",
        "concept_floors": "4-8",
        "massing_status": "conceptual_design_suggestion",
        "name_zh": "众智园研发组团",
        "source_type": "agent_generated_design",
        "confidence": "low",
        "geometry_role": "design_proposal",
        "area_sqm_declared": 2107.904,
        "design_note_zh": "概念体量建议，非建筑高度或容积率结论；待正式控规条件确认。"
      },
      "geometry": {
        "type": "Polygon",
        "coordinates": [
          [
            [
              116.3498871,
              40.0127322
            ],
            [
              116.3498842,
              40.0130384
            ],
            [
              116.349158,
              40.0130343
            ],
            [
              116.3491609,
              40.0127282
            ],
            [
              116.3498871,
              40.0127322
            ]
          ]
        ]
      }
    },
    {
      "type": "Feature",
      "id": "BLDG-028",
      "properties": {
        "id": "BLDG-028",
        "layer": "BUILDING_FOOTPRINT",
        "building_type": "ai_r_and_d",
        "intervention": "new_concept",
        "concept_floors": "4-8",
        "massing_status": "conceptual_design_suggestion",
        "name_zh": "众智园研发组团",
        "source_type": "agent_generated_design",
        "confidence": "low",
        "geometry_role": "design_proposal",
        "area_sqm_declared": 2108.093,
        "design_note_zh": "概念体量建议，非建筑高度或容积率结论；待正式控规条件确认。"
      },
      "geometry": {
        "type": "Polygon",
        "coordinates": [
          [
            [
              116.3444941,
              40.0132782
            ],
            [
              116.3444912,
              40.0135844
            ],
            [
              116.343765,
              40.0135803
            ],
            [
              116.343768,
              40.0132741
            ],
            [
              116.3444941,
              40.0132782
            ]
          ]
        ]
      }
    },
    {
      "type": "Feature",
      "id": "BLDG-029",
      "properties": {
        "id": "BLDG-029",
        "layer": "BUILDING_FOOTPRINT",
        "building_type": "ai_r_and_d",
        "intervention": "new_concept",
        "concept_floors": "4-8",
        "massing_status": "conceptual_design_suggestion",
        "name_zh": "众智园研发组团",
        "source_type": "agent_generated_design",
        "confidence": "low",
        "geometry_role": "design_proposal",
        "area_sqm_declared": 2108.092,
        "design_note_zh": "概念体量建议，非建筑高度或容积率结论；待正式控规条件确认。"
      },
      "geometry": {
        "type": "Polygon",
        "coordinates": [
          [
            [
              116.3455716,
              40.0132843
            ],
            [
              116.3455687,
              40.0135905
            ],
            [
              116.3448425,
              40.0135864
            ],
            [
              116.3448455,
              40.0132802
            ],
            [
              116.3455716,
              40.0132843
            ]
          ]
        ]
      }
    },
    {
      "type": "Feature",
      "id": "BLDG-030",
      "properties": {
        "id": "BLDG-030",
        "layer": "BUILDING_FOOTPRINT",
        "building_type": "ai_r_and_d",
        "intervention": "new_concept",
        "concept_floors": "4-8",
        "massing_status": "conceptual_design_suggestion",
        "name_zh": "众智园研发组团",
        "source_type": "agent_generated_design",
        "confidence": "low",
        "geometry_role": "design_proposal",
        "area_sqm_declared": 2108.089,
        "design_note_zh": "概念体量建议，非建筑高度或容积率结论；待正式控规条件确认。"
      },
      "geometry": {
        "type": "Polygon",
        "coordinates": [
          [
            [
              116.3498816,
              40.0133086
            ],
            [
              116.3498787,
              40.0136148
            ],
            [
              116.3491525,
              40.0136107
            ],
            [
              116.3491555,
              40.0133045
            ],
            [
              116.3498816,
              40.0133086
            ]
          ]
        ]
      }
    },
    {
      "type": "Feature",
      "id": "BLDG-031",
      "properties": {
        "id": "BLDG-031",
        "layer": "BUILDING_FOOTPRINT",
        "building_type": "ai_r_and_d",
        "intervention": "new_concept",
        "concept_floors": "4-8",
        "massing_status": "conceptual_design_suggestion",
        "name_zh": "众智园研发组团",
        "source_type": "agent_generated_design",
        "confidence": "low",
        "geometry_role": "design_proposal",
        "area_sqm_declared": 2108.218,
        "design_note_zh": "概念体量建议，非建筑高度或容积率结论；待正式控规条件确认。"
      },
      "geometry": {
        "type": "Polygon",
        "coordinates": [
          [
            [
              116.3444886,
              40.0138546
            ],
            [
              116.3444857,
              40.0141608
            ],
            [
              116.3437595,
              40.0141567
            ],
            [
              116.3437624,
              40.0138505
            ],
            [
              116.3444886,
              40.0138546
            ]
          ]
        ]
      }
    },
    {
      "type": "Feature",
      "id": "BLDG-032",
      "properties": {
        "id": "BLDG-032",
        "layer": "BUILDING_FOOTPRINT",
        "building_type": "ai_r_and_d",
        "intervention": "new_concept",
        "concept_floors": "4-8",
        "massing_status": "conceptual_design_suggestion",
        "name_zh": "众智园研发组团",
        "source_type": "agent_generated_design",
        "confidence": "low",
        "geometry_role": "design_proposal",
        "area_sqm_declared": 2108.217,
        "design_note_zh": "概念体量建议，非建筑高度或容积率结论；待正式控规条件确认。"
      },
      "geometry": {
        "type": "Polygon",
        "coordinates": [
          [
            [
              116.3455661,
              40.0138607
            ],
            [
              116.3455632,
              40.0141669
            ],
            [
              116.344837,
              40.0141628
            ],
            [
              116.3448399,
              40.0138566
            ],
            [
              116.3455661,
              40.0138607
            ]
          ]
        ]
      }
    },
    {
      "type": "Feature",
      "id": "BLDG-033",
      "properties": {
        "id": "BLDG-033",
        "layer": "BUILDING_FOOTPRINT",
        "building_type": "ai_r_and_d",
        "intervention": "new_concept",
        "concept_floors": "4-8",
        "massing_status": "conceptual_design_suggestion",
        "name_zh": "众智园研发组团",
        "source_type": "agent_generated_design",
        "confidence": "low",
        "geometry_role": "design_proposal",
        "area_sqm_declared": 2107.922,
        "design_note_zh": "概念体量建议，非建筑高度或容积率结论；待正式控规条件确认。"
      },
      "geometry": {
        "type": "Polygon",
        "coordinates": [
          [
            [
              116.3498761,
              40.0138849
            ],
            [
              116.3498732,
              40.0141911
            ],
            [
              116.3491471,
              40.0141871
            ],
            [
              116.34915,
              40.0138809
            ],
            [
              116.3498761,
              40.0138849
            ]
          ]
        ]
      }
    },
    {
      "type": "Feature",
      "id": "BLDG-034",
      "properties": {
        "id": "BLDG-034",
        "layer": "BUILDING_FOOTPRINT",
        "building_type": "ai_r_and_d",
        "intervention": "new_concept",
        "concept_floors": "4-8",
        "massing_status": "conceptual_design_suggestion",
        "name_zh": "众智园研发组团",
        "source_type": "agent_generated_design",
        "confidence": "low",
        "geometry_role": "design_proposal",
        "area_sqm_declared": 2107.715,
        "design_note_zh": "概念体量建议，非建筑高度或容积率结论；待正式控规条件确认。"
      },
      "geometry": {
        "type": "Polygon",
        "coordinates": [
          [
            [
              116.3444831,
              40.014431
            ],
            [
              116.3444801,
              40.0147371
            ],
            [
              116.343754,
              40.014733
            ],
            [
              116.3437569,
              40.0144268
            ],
            [
              116.3444831,
              40.014431
            ]
          ]
        ]
      }
    },
    {
      "type": "Feature",
      "id": "BLDG-035",
      "properties": {
        "id": "BLDG-035",
        "layer": "BUILDING_FOOTPRINT",
        "building_type": "ai_r_and_d",
        "intervention": "new_concept",
        "concept_floors": "4-8",
        "massing_status": "conceptual_design_suggestion",
        "name_zh": "众智园研发组团",
        "source_type": "agent_generated_design",
        "confidence": "low",
        "geometry_role": "design_proposal",
        "area_sqm_declared": 2108.197,
        "design_note_zh": "概念体量建议，非建筑高度或容积率结论；待正式控规条件确认。"
      },
      "geometry": {
        "type": "Polygon",
        "coordinates": [
          [
            [
              116.3498707,
              40.0144613
            ],
            [
              116.3498678,
              40.0147675
            ],
            [
              116.3491416,
              40.0147634
            ],
            [
              116.3491445,
              40.0144572
            ],
            [
              116.3498707,
              40.0144613
            ]
          ]
        ]
      }
    },
    {
      "type": "Feature",
      "id": "BLDG-036",
      "properties": {
        "id": "BLDG-036",
        "layer": "BUILDING_FOOTPRINT",
        "building_type": "ai_r_and_d",
        "intervention": "new_concept",
        "concept_floors": "4-8",
        "massing_status": "conceptual_design_suggestion",
        "name_zh": "众智园研发组团",
        "source_type": "agent_generated_design",
        "confidence": "low",
        "geometry_role": "design_proposal",
        "area_sqm_declared": 2108.04,
        "design_note_zh": "概念体量建议，非建筑高度或容积率结论；待正式控规条件确认。"
      },
      "geometry": {
        "type": "Polygon",
        "coordinates": [
          [
            [
              116.3444776,
              40.0150073
            ],
            [
              116.3444746,
              40.0153135
            ],
            [
              116.3437485,
              40.0153094
            ],
            [
              116.3437514,
              40.0150032
            ],
            [
              116.3444776,
              40.0150073
            ]
          ]
        ]
      }
    },
    {
      "type": "Feature",
      "id": "BLDG-037",
      "properties": {
        "id": "BLDG-037",
        "layer": "BUILDING_FOOTPRINT",
        "building_type": "ai_r_and_d",
        "intervention": "new_concept",
        "concept_floors": "4-8",
        "massing_status": "conceptual_design_suggestion",
        "name_zh": "众智园研发组团",
        "source_type": "agent_generated_design",
        "confidence": "low",
        "geometry_role": "design_proposal",
        "area_sqm_declared": 2107.834,
        "design_note_zh": "概念体量建议，非建筑高度或容积率结论；待正式控规条件确认。"
      },
      "geometry": {
        "type": "Polygon",
        "coordinates": [
          [
            [
              116.3498652,
              40.0150377
            ],
            [
              116.3498623,
              40.0153438
            ],
            [
              116.3491361,
              40.0153398
            ],
            [
              116.349139,
              40.0150336
            ],
            [
              116.3498652,
              40.0150377
            ]
          ]
        ]
      }
    },
    {
      "type": "Feature",
      "id": "BLDG-038",
      "properties": {
        "id": "BLDG-038",
        "layer": "BUILDING_FOOTPRINT",
        "building_type": "ai_r_and_d",
        "intervention": "new_concept",
        "concept_floors": "4-8",
        "massing_status": "conceptual_design_suggestion",
        "name_zh": "众智园研发组团",
        "source_type": "agent_generated_design",
        "confidence": "low",
        "geometry_role": "design_proposal",
        "area_sqm_declared": 2107.68,
        "design_note_zh": "概念体量建议，非建筑高度或容积率结论；待正式控规条件确认。"
      },
      "geometry": {
        "type": "Polygon",
        "coordinates": [
          [
            [
              116.344472,
              40.0155837
            ],
            [
              116.3444691,
              40.0158899
            ],
            [
              116.3437429,
              40.0158857
            ],
            [
              116.3437459,
              40.0155796
            ],
            [
              116.344472,
              40.0155837
            ]
          ]
        ]
      }
    },
    {
      "type": "Feature",
      "id": "BLDG-039",
      "properties": {
        "id": "BLDG-039",
        "layer": "BUILDING_FOOTPRINT",
        "building_type": "ai_r_and_d",
        "intervention": "new_concept",
        "concept_floors": "4-8",
        "massing_status": "conceptual_design_suggestion",
        "name_zh": "众智园研发组团",
        "source_type": "agent_generated_design",
        "confidence": "low",
        "geometry_role": "design_proposal",
        "area_sqm_declared": 2108.019,
        "design_note_zh": "概念体量建议，非建筑高度或容积率结论；待正式控规条件确认。"
      },
      "geometry": {
        "type": "Polygon",
        "coordinates": [
          [
            [
              116.3498597,
              40.015614
            ],
            [
              116.3498568,
              40.0159202
            ],
            [
              116.3491306,
              40.0159161
            ],
            [
              116.3491336,
              40.0156099
            ],
            [
              116.3498597,
              40.015614
            ]
          ]
        ]
      }
    },
    {
      "type": "Feature",
      "id": "BLDG-040",
      "properties": {
        "id": "BLDG-040",
        "layer": "BUILDING_FOOTPRINT",
        "building_type": "lab",
        "intervention": "new_concept",
        "concept_floors": "3-5",
        "massing_status": "conceptual_design_suggestion",
        "name_zh": "全栈实验集群",
        "source_type": "agent_generated_design",
        "confidence": "low",
        "geometry_role": "design_proposal",
        "area_sqm_declared": 4224.402,
        "design_note_zh": "概念体量建议，非建筑高度或容积率结论；待正式控规条件确认。"
      },
      "geometry": {
        "type": "Polygon",
        "coordinates": [
          [
            [
              116.3448449,
              40.008079
            ],
            [
              116.3448408,
              40.0085113
            ],
            [
              116.3438102,
              40.0085055
            ],
            [
              116.3438143,
              40.0080732
            ],
            [
              116.3448449,
              40.008079
            ]
          ]
        ]
      }
    },
    {
      "type": "Feature",
      "id": "BLDG-041",
      "properties": {
        "id": "BLDG-041",
        "layer": "BUILDING_FOOTPRINT",
        "building_type": "lab",
        "intervention": "new_concept",
        "concept_floors": "3-5",
        "massing_status": "conceptual_design_suggestion",
        "name_zh": "全栈实验集群",
        "source_type": "agent_generated_design",
        "confidence": "low",
        "geometry_role": "design_proposal",
        "area_sqm_declared": 4223.913,
        "design_note_zh": "概念体量建议，非建筑高度或容积率结论；待正式控规条件确认。"
      },
      "geometry": {
        "type": "Polygon",
        "coordinates": [
          [
            [
              116.3465196,
              40.0080885
            ],
            [
              116.3465155,
              40.0085208
            ],
            [
              116.3454849,
              40.0085149
            ],
            [
              116.345489,
              40.0080827
            ],
            [
              116.3465196,
              40.0080885
            ]
          ]
        ]
      }
    },
    {
      "type": "Feature",
      "id": "BLDG-042",
      "properties": {
        "id": "BLDG-042",
        "layer": "BUILDING_FOOTPRINT",
        "building_type": "lab",
        "intervention": "new_concept",
        "concept_floors": "3-5",
        "massing_status": "conceptual_design_suggestion",
        "name_zh": "全栈实验集群",
        "source_type": "agent_generated_design",
        "confidence": "low",
        "geometry_role": "design_proposal",
        "area_sqm_declared": 4223.859,
        "design_note_zh": "概念体量建议，非建筑高度或容积率结论；待正式控规条件确认。"
      },
      "geometry": {
        "type": "Polygon",
        "coordinates": [
          [
            [
              116.344836,
              40.0090066
            ],
            [
              116.3448319,
              40.0094389
            ],
            [
              116.3438013,
              40.009433
            ],
            [
              116.3438054,
              40.0090008
            ],
            [
              116.344836,
              40.0090066
            ]
          ]
        ]
      }
    },
    {
      "type": "Feature",
      "id": "BLDG-043",
      "properties": {
        "id": "BLDG-043",
        "layer": "BUILDING_FOOTPRINT",
        "building_type": "lab",
        "intervention": "new_concept",
        "concept_floors": "3-5",
        "massing_status": "conceptual_design_suggestion",
        "name_zh": "全栈实验集群",
        "source_type": "agent_generated_design",
        "confidence": "low",
        "geometry_role": "design_proposal",
        "area_sqm_declared": 4223.856,
        "design_note_zh": "概念体量建议，非建筑高度或容积率结论；待正式控规条件确认。"
      },
      "geometry": {
        "type": "Polygon",
        "coordinates": [
          [
            [
              116.3465107,
              40.0090161
            ],
            [
              116.3465066,
              40.0094483
            ],
            [
              116.345476,
              40.0094425
            ],
            [
              116.3454801,
              40.0090102
            ],
            [
              116.3465107,
              40.0090161
            ]
          ]
        ]
      }
    },
    {
      "type": "Feature",
      "id": "BLDG-044",
      "properties": {
        "id": "BLDG-044",
        "layer": "BUILDING_FOOTPRINT",
        "building_type": "lab",
        "intervention": "new_concept",
        "concept_floors": "3-5",
        "massing_status": "conceptual_design_suggestion",
        "name_zh": "全栈实验集群",
        "source_type": "agent_generated_design",
        "confidence": "low",
        "geometry_role": "design_proposal",
        "area_sqm_declared": 4223.808,
        "design_note_zh": "概念体量建议，非建筑高度或容积率结论；待正式控规条件确认。"
      },
      "geometry": {
        "type": "Polygon",
        "coordinates": [
          [
            [
              116.3448272,
              40.0099342
            ],
            [
              116.344823,
              40.0103665
            ],
            [
              116.3437924,
              40.0103606
            ],
            [
              116.3437966,
              40.0099284
            ],
            [
              116.3448272,
              40.0099342
            ]
          ]
        ]
      }
    },
    {
      "type": "Feature",
      "id": "BLDG-045",
      "properties": {
        "id": "BLDG-045",
        "layer": "BUILDING_FOOTPRINT",
        "building_type": "lab",
        "intervention": "new_concept",
        "concept_floors": "3-5",
        "massing_status": "conceptual_design_suggestion",
        "name_zh": "全栈实验集群",
        "source_type": "agent_generated_design",
        "confidence": "low",
        "geometry_role": "design_proposal",
        "area_sqm_declared": 4224.287,
        "design_note_zh": "概念体量建议，非建筑高度或容积率结论；待正式控规条件确认。"
      },
      "geometry": {
        "type": "Polygon",
        "coordinates": [
          [
            [
              116.3465019,
              40.0099436
            ],
            [
              116.3464978,
              40.0103759
            ],
            [
              116.3454672,
              40.0103701
            ],
            [
              116.3454713,
              40.0099378
            ],
            [
              116.3465019,
              40.0099436
            ]
          ]
        ]
      }
    },
    {
      "type": "Feature",
      "id": "BLDG-046",
      "properties": {
        "id": "BLDG-046",
        "layer": "BUILDING_FOOTPRINT",
        "building_type": "lab",
        "intervention": "new_concept",
        "concept_floors": "3-5",
        "massing_status": "conceptual_design_suggestion",
        "name_zh": "全栈实验集群",
        "source_type": "agent_generated_design",
        "confidence": "low",
        "geometry_role": "design_proposal",
        "area_sqm_declared": 4223.953,
        "design_note_zh": "概念体量建议，非建筑高度或容积率结论；待正式控规条件确认。"
      },
      "geometry": {
        "type": "Polygon",
        "coordinates": [
          [
            [
              116.3448183,
              40.0108618
            ],
            [
              116.3448142,
              40.011294
            ],
            [
              116.3437835,
              40.0112882
            ],
            [
              116.3437877,
              40.0108559
            ],
            [
              116.3448183,
              40.0108618
            ]
          ]
        ]
      }
    },
    {
      "type": "Feature",
      "id": "BLDG-047",
      "properties": {
        "id": "BLDG-047",
        "layer": "BUILDING_FOOTPRINT",
        "building_type": "lab",
        "intervention": "new_concept",
        "concept_floors": "3-5",
        "massing_status": "conceptual_design_suggestion",
        "name_zh": "全栈实验集群",
        "source_type": "agent_generated_design",
        "confidence": "low",
        "geometry_role": "design_proposal",
        "area_sqm_declared": 4224.23,
        "design_note_zh": "概念体量建议，非建筑高度或容积率结论；待正式控规条件确认。"
      },
      "geometry": {
        "type": "Polygon",
        "coordinates": [
          [
            [
              116.346493,
              40.0108712
            ],
            [
              116.3464889,
              40.0113035
            ],
            [
              116.3454583,
              40.0112977
            ],
            [
              116.3454624,
              40.0108654
            ],
            [
              116.346493,
              40.0108712
            ]
          ]
        ]
      }
    },
    {
      "type": "Feature",
      "id": "BLDG-048",
      "properties": {
        "id": "BLDG-048",
        "layer": "BUILDING_FOOTPRINT",
        "building_type": "incubator",
        "intervention": "renovate_concept",
        "concept_floors": "3-6",
        "massing_status": "conceptual_design_suggestion",
        "name_zh": "原点近校孵化街坊",
        "source_type": "agent_generated_design",
        "confidence": "low",
        "geometry_role": "design_proposal",
        "area_sqm_declared": 1176.215,
        "design_note_zh": "概念体量建议，非建筑高度或容积率结论；待正式控规条件确认。"
      },
      "geometry": {
        "type": "Polygon",
        "coordinates": [
          [
            [
              116.3435001,
              39.9840215
            ],
            [
              116.3434977,
              39.9842737
            ],
            [
              116.343006,
              39.9842709
            ],
            [
              116.3430084,
              39.9840187
            ],
            [
              116.3435001,
              39.9840215
            ]
          ]
        ]
      }
    },
    {
      "type": "Feature",
      "id": "BLDG-049",
      "properties": {
        "id": "BLDG-049",
        "layer": "BUILDING_FOOTPRINT",
        "building_type": "incubator",
        "intervention": "renovate_concept",
        "concept_floors": "3-6",
        "massing_status": "conceptual_design_suggestion",
        "name_zh": "原点近校孵化街坊",
        "source_type": "agent_generated_design",
        "confidence": "low",
        "geometry_role": "design_proposal",
        "area_sqm_declared": 1175.748,
        "design_note_zh": "概念体量建议，非建筑高度或容积率结论；待正式控规条件确认。"
      },
      "geometry": {
        "type": "Polygon",
        "coordinates": [
          [
            [
              116.3442727,
              39.9840259
            ],
            [
              116.3442703,
              39.984278
            ],
            [
              116.3437786,
              39.9842752
            ],
            [
              116.343781,
              39.9840231
            ],
            [
              116.3442727,
              39.9840259
            ]
          ]
        ]
      }
    },
    {
      "type": "Feature",
      "id": "BLDG-050",
      "properties": {
        "id": "BLDG-050",
        "layer": "BUILDING_FOOTPRINT",
        "building_type": "incubator",
        "intervention": "renovate_concept",
        "concept_floors": "3-6",
        "massing_status": "conceptual_design_suggestion",
        "name_zh": "原点近校孵化街坊",
        "source_type": "agent_generated_design",
        "confidence": "low",
        "geometry_role": "design_proposal",
        "area_sqm_declared": 1175.98,
        "design_note_zh": "概念体量建议，非建筑高度或容积率结论；待正式控规条件确认。"
      },
      "geometry": {
        "type": "Polygon",
        "coordinates": [
          [
            [
              116.3450454,
              39.9840302
            ],
            [
              116.345043,
              39.9842824
            ],
            [
              116.3445513,
              39.9842796
            ],
            [
              116.3445537,
              39.9840275
            ],
            [
              116.3450454,
              39.9840302
            ]
          ]
        ]
      }
    },
    {
      "type": "Feature",
      "id": "BLDG-051",
      "properties": {
        "id": "BLDG-051",
        "layer": "BUILDING_FOOTPRINT",
        "building_type": "incubator",
        "intervention": "renovate_concept",
        "concept_floors": "3-6",
        "massing_status": "conceptual_design_suggestion",
        "name_zh": "原点近校孵化街坊",
        "source_type": "agent_generated_design",
        "confidence": "low",
        "geometry_role": "design_proposal",
        "area_sqm_declared": 1176.096,
        "design_note_zh": "概念体量建议，非建筑高度或容积率结论；待正式控规条件确认。"
      },
      "geometry": {
        "type": "Polygon",
        "coordinates": [
          [
            [
              116.3458181,
              39.9840346
            ],
            [
              116.3458156,
              39.9842868
            ],
            [
              116.345324,
              39.984284
            ],
            [
              116.3453264,
              39.9840318
            ],
            [
              116.3458181,
              39.9840346
            ]
          ]
        ]
      }
    },
    {
      "type": "Feature",
      "id": "BLDG-052",
      "properties": {
        "id": "BLDG-052",
        "layer": "BUILDING_FOOTPRINT",
        "building_type": "incubator",
        "intervention": "renovate_concept",
        "concept_floors": "3-6",
        "massing_status": "conceptual_design_suggestion",
        "name_zh": "原点近校孵化街坊",
        "source_type": "agent_generated_design",
        "confidence": "low",
        "geometry_role": "design_proposal",
        "area_sqm_declared": 1175.748,
        "design_note_zh": "概念体量建议，非建筑高度或容积率结论；待正式控规条件确认。"
      },
      "geometry": {
        "type": "Polygon",
        "coordinates": [
          [
            [
              116.3465907,
              39.984039
            ],
            [
              116.3465883,
              39.9842911
            ],
            [
              116.3460966,
              39.9842883
            ],
            [
              116.346099,
              39.9840362
            ],
            [
              116.3465907,
              39.984039
            ]
          ]
        ]
      }
    },
    {
      "type": "Feature",
      "id": "BLDG-053",
      "properties": {
        "id": "BLDG-053",
        "layer": "BUILDING_FOOTPRINT",
        "building_type": "incubator",
        "intervention": "renovate_concept",
        "concept_floors": "3-6",
        "massing_status": "conceptual_design_suggestion",
        "name_zh": "原点近校孵化街坊",
        "source_type": "agent_generated_design",
        "confidence": "low",
        "geometry_role": "design_proposal",
        "area_sqm_declared": 1175.973,
        "design_note_zh": "概念体量建议，非建筑高度或容积率结论；待正式控规条件确认。"
      },
      "geometry": {
        "type": "Polygon",
        "coordinates": [
          [
            [
              116.3434956,
              39.9844898
            ],
            [
              116.3434932,
              39.9847419
            ],
            [
              116.3430015,
              39.9847392
            ],
            [
              116.3430039,
              39.984487
            ],
            [
              116.3434956,
              39.9844898
            ]
          ]
        ]
      }
    },
    {
      "type": "Feature",
      "id": "BLDG-054",
      "properties": {
        "id": "BLDG-054",
        "layer": "BUILDING_FOOTPRINT",
        "building_type": "incubator",
        "intervention": "renovate_concept",
        "concept_floors": "3-6",
        "massing_status": "conceptual_design_suggestion",
        "name_zh": "原点近校孵化街坊",
        "source_type": "agent_generated_design",
        "confidence": "low",
        "geometry_role": "design_proposal",
        "area_sqm_declared": 1175.743,
        "design_note_zh": "概念体量建议，非建筑高度或容积率结论；待正式控规条件确认。"
      },
      "geometry": {
        "type": "Polygon",
        "coordinates": [
          [
            [
              116.3442683,
              39.9844942
            ],
            [
              116.3442658,
              39.9847463
            ],
            [
              116.3437741,
              39.9847435
            ],
            [
              116.3437766,
              39.9844914
            ],
            [
              116.3442683,
              39.9844942
            ]
          ]
        ]
      }
    },
    {
      "type": "Feature",
      "id": "BLDG-055",
      "properties": {
        "id": "BLDG-055",
        "layer": "BUILDING_FOOTPRINT",
        "building_type": "incubator",
        "intervention": "renovate_concept",
        "concept_floors": "3-6",
        "massing_status": "conceptual_design_suggestion",
        "name_zh": "原点近校孵化街坊",
        "source_type": "agent_generated_design",
        "confidence": "low",
        "geometry_role": "design_proposal",
        "area_sqm_declared": 1175.972,
        "design_note_zh": "概念体量建议，非建筑高度或容积率结论；待正式控规条件确认。"
      },
      "geometry": {
        "type": "Polygon",
        "coordinates": [
          [
            [
              116.3450409,
              39.9844985
            ],
            [
              116.3450385,
              39.9847507
            ],
            [
              116.3445468,
              39.9847479
            ],
            [
              116.3445492,
              39.9844958
            ],
            [
              116.3450409,
              39.9844985
            ]
          ]
        ]
      }
    },
    {
      "type": "Feature",
      "id": "BLDG-056",
      "properties": {
        "id": "BLDG-056",
        "layer": "BUILDING_FOOTPRINT",
        "building_type": "incubator",
        "intervention": "renovate_concept",
        "concept_floors": "3-6",
        "massing_status": "conceptual_design_suggestion",
        "name_zh": "原点近校孵化街坊",
        "source_type": "agent_generated_design",
        "confidence": "low",
        "geometry_role": "design_proposal",
        "area_sqm_declared": 1176.206,
        "design_note_zh": "概念体量建议，非建筑高度或容积率结论；待正式控规条件确认。"
      },
      "geometry": {
        "type": "Polygon",
        "coordinates": [
          [
            [
              116.3458136,
              39.9845029
            ],
            [
              116.3458112,
              39.9847551
            ],
            [
              116.3453195,
              39.9847523
            ],
            [
              116.3453219,
              39.9845001
            ],
            [
              116.3458136,
              39.9845029
            ]
          ]
        ]
      }
    },
    {
      "type": "Feature",
      "id": "BLDG-057",
      "properties": {
        "id": "BLDG-057",
        "layer": "BUILDING_FOOTPRINT",
        "building_type": "incubator",
        "intervention": "renovate_concept",
        "concept_floors": "3-6",
        "massing_status": "conceptual_design_suggestion",
        "name_zh": "原点近校孵化街坊",
        "source_type": "agent_generated_design",
        "confidence": "low",
        "geometry_role": "design_proposal",
        "area_sqm_declared": 1175.621,
        "design_note_zh": "概念体量建议，非建筑高度或容积率结论；待正式控规条件确认。"
      },
      "geometry": {
        "type": "Polygon",
        "coordinates": [
          [
            [
              116.3465862,
              39.9845073
            ],
            [
              116.3465838,
              39.9847594
            ],
            [
              116.3460921,
              39.9847566
            ],
            [
              116.3460946,
              39.9845045
            ],
            [
              116.3465862,
              39.9845073
            ]
          ]
        ]
      }
    },
    {
      "type": "Feature",
      "id": "BLDG-058",
      "properties": {
        "id": "BLDG-058",
        "layer": "BUILDING_FOOTPRINT",
        "building_type": "incubator",
        "intervention": "renovate_concept",
        "concept_floors": "3-6",
        "massing_status": "conceptual_design_suggestion",
        "name_zh": "原点近校孵化街坊",
        "source_type": "agent_generated_design",
        "confidence": "low",
        "geometry_role": "design_proposal",
        "area_sqm_declared": 1175.965,
        "design_note_zh": "概念体量建议，非建筑高度或容积率结论；待正式控规条件确认。"
      },
      "geometry": {
        "type": "Polygon",
        "coordinates": [
          [
            [
              116.3434911,
              39.9849581
            ],
            [
              116.3434887,
              39.9852102
            ],
            [
              116.342997,
              39.9852075
            ],
            [
              116.3429994,
              39.9849553
            ],
            [
              116.3434911,
              39.9849581
            ]
          ]
        ]
      }
    },
    {
      "type": "Feature",
      "id": "BLDG-059",
      "properties": {
        "id": "BLDG-059",
        "layer": "BUILDING_FOOTPRINT",
        "building_type": "incubator",
        "intervention": "renovate_concept",
        "concept_floors": "3-6",
        "massing_status": "conceptual_design_suggestion",
        "name_zh": "原点近校孵化街坊",
        "source_type": "agent_generated_design",
        "confidence": "low",
        "geometry_role": "design_proposal",
        "area_sqm_declared": 1175.733,
        "design_note_zh": "概念体量建议，非建筑高度或容积率结论；待正式控规条件确认。"
      },
      "geometry": {
        "type": "Polygon",
        "coordinates": [
          [
            [
              116.3442638,
              39.9849625
            ],
            [
              116.3442614,
              39.9852146
            ],
            [
              116.3437697,
              39.9852118
            ],
            [
              116.3437721,
              39.9849597
            ],
            [
              116.3442638,
              39.9849625
            ]
          ]
        ]
      }
    },
    {
      "type": "Feature",
      "id": "BLDG-060",
      "properties": {
        "id": "BLDG-060",
        "layer": "BUILDING_FOOTPRINT",
        "building_type": "incubator",
        "intervention": "renovate_concept",
        "concept_floors": "3-6",
        "massing_status": "conceptual_design_suggestion",
        "name_zh": "原点近校孵化街坊",
        "source_type": "agent_generated_design",
        "confidence": "low",
        "geometry_role": "design_proposal",
        "area_sqm_declared": 1176.199,
        "design_note_zh": "概念体量建议，非建筑高度或容积率结论；待正式控规条件确认。"
      },
      "geometry": {
        "type": "Polygon",
        "coordinates": [
          [
            [
              116.3450364,
              39.9849668
            ],
            [
              116.345034,
              39.985219
            ],
            [
              116.3445423,
              39.9852162
            ],
            [
              116.3445447,
              39.984964
            ],
            [
              116.3450364,
              39.9849668
            ]
          ]
        ]
      }
    },
    {
      "type": "Feature",
      "id": "BLDG-061",
      "properties": {
        "id": "BLDG-061",
        "layer": "BUILDING_FOOTPRINT",
        "building_type": "incubator",
        "intervention": "renovate_concept",
        "concept_floors": "3-6",
        "massing_status": "conceptual_design_suggestion",
        "name_zh": "原点近校孵化街坊",
        "source_type": "agent_generated_design",
        "confidence": "low",
        "geometry_role": "design_proposal",
        "area_sqm_declared": 1175.964,
        "design_note_zh": "概念体量建议，非建筑高度或容积率结论；待正式控规条件确认。"
      },
      "geometry": {
        "type": "Polygon",
        "coordinates": [
          [
            [
              116.3458091,
              39.9849712
            ],
            [
              116.3458067,
              39.9852233
            ],
            [
              116.345315,
              39.9852206
            ],
            [
              116.3453174,
              39.9849684
            ],
            [
              116.3458091,
              39.9849712
            ]
          ]
        ]
      }
    },
    {
      "type": "Feature",
      "id": "BLDG-062",
      "properties": {
        "id": "BLDG-062",
        "layer": "BUILDING_FOOTPRINT",
        "building_type": "incubator",
        "intervention": "renovate_concept",
        "concept_floors": "3-6",
        "massing_status": "conceptual_design_suggestion",
        "name_zh": "原点近校孵化街坊",
        "source_type": "agent_generated_design",
        "confidence": "low",
        "geometry_role": "design_proposal",
        "area_sqm_declared": 1175.964,
        "design_note_zh": "概念体量建议，非建筑高度或容积率结论；待正式控规条件确认。"
      },
      "geometry": {
        "type": "Polygon",
        "coordinates": [
          [
            [
              116.3465818,
              39.9849755
            ],
            [
              116.3465794,
              39.9852277
            ],
            [
              116.3460877,
              39.9852249
            ],
            [
              116.3460901,
              39.9849728
            ],
            [
              116.3465818,
              39.9849755
            ]
          ]
        ]
      }
    },
    {
      "type": "Feature",
      "id": "BLDG-063",
      "properties": {
        "id": "BLDG-063",
        "layer": "BUILDING_FOOTPRINT",
        "building_type": "incubator",
        "intervention": "renovate_concept",
        "concept_floors": "3-6",
        "massing_status": "conceptual_design_suggestion",
        "name_zh": "原点近校孵化街坊",
        "source_type": "agent_generated_design",
        "confidence": "low",
        "geometry_role": "design_proposal",
        "area_sqm_declared": 1175.725,
        "design_note_zh": "概念体量建议，非建筑高度或容积率结论；待正式控规条件确认。"
      },
      "geometry": {
        "type": "Polygon",
        "coordinates": [
          [
            [
              116.3434866,
              39.9854264
            ],
            [
              116.3434842,
              39.9856785
            ],
            [
              116.3429925,
              39.9856757
            ],
            [
              116.3429949,
              39.9854236
            ],
            [
              116.3434866,
              39.9854264
            ]
          ]
        ]
      }
    },
    {
      "type": "Feature",
      "id": "BLDG-064",
      "properties": {
        "id": "BLDG-064",
        "layer": "BUILDING_FOOTPRINT",
        "building_type": "incubator",
        "intervention": "renovate_concept",
        "concept_floors": "3-6",
        "massing_status": "conceptual_design_suggestion",
        "name_zh": "原点近校孵化街坊",
        "source_type": "agent_generated_design",
        "confidence": "low",
        "geometry_role": "design_proposal",
        "area_sqm_declared": 1175.957,
        "design_note_zh": "概念体量建议，非建筑高度或容积率结论；待正式控规条件确认。"
      },
      "geometry": {
        "type": "Polygon",
        "coordinates": [
          [
            [
              116.3442593,
              39.9854307
            ],
            [
              116.3442569,
              39.9856829
            ],
            [
              116.3437652,
              39.9856801
            ],
            [
              116.3437676,
              39.985428
            ],
            [
              116.3442593,
              39.9854307
            ]
          ]
        ]
      }
    },
    {
      "type": "Feature",
      "id": "BLDG-065",
      "properties": {
        "id": "BLDG-065",
        "layer": "BUILDING_FOOTPRINT",
        "building_type": "incubator",
        "intervention": "renovate_concept",
        "concept_floors": "3-6",
        "massing_status": "conceptual_design_suggestion",
        "name_zh": "原点近校孵化街坊",
        "source_type": "agent_generated_design",
        "confidence": "low",
        "geometry_role": "design_proposal",
        "area_sqm_declared": 1176.191,
        "design_note_zh": "概念体量建议，非建筑高度或容积率结论；待正式控规条件确认。"
      },
      "geometry": {
        "type": "Polygon",
        "coordinates": [
          [
            [
              116.345032,
              39.9854351
            ],
            [
              116.3450296,
              39.9856873
            ],
            [
              116.3445379,
              39.9856845
            ],
            [
              116.3445403,
              39.9854323
            ],
            [
              116.345032,
              39.9854351
            ]
          ]
        ]
      }
    },
    {
      "type": "Feature",
      "id": "BLDG-066",
      "properties": {
        "id": "BLDG-066",
        "layer": "BUILDING_FOOTPRINT",
        "building_type": "incubator",
        "intervention": "renovate_concept",
        "concept_floors": "3-6",
        "massing_status": "conceptual_design_suggestion",
        "name_zh": "原点近校孵化街坊",
        "source_type": "agent_generated_design",
        "confidence": "low",
        "geometry_role": "design_proposal",
        "area_sqm_declared": 1176.077,
        "design_note_zh": "概念体量建议，非建筑高度或容积率结论；待正式控规条件确认。"
      },
      "geometry": {
        "type": "Polygon",
        "coordinates": [
          [
            [
              116.3458047,
              39.9854395
            ],
            [
              116.3458022,
              39.9856916
            ],
            [
              116.3453105,
              39.9856889
            ],
            [
              116.3453129,
              39.9854367
            ],
            [
              116.3458047,
              39.9854395
            ]
          ]
        ]
      }
    },
    {
      "type": "Feature",
      "id": "BLDG-067",
      "properties": {
        "id": "BLDG-067",
        "layer": "BUILDING_FOOTPRINT",
        "building_type": "incubator",
        "intervention": "renovate_concept",
        "concept_floors": "3-6",
        "massing_status": "conceptual_design_suggestion",
        "name_zh": "原点近校孵化街坊",
        "source_type": "agent_generated_design",
        "confidence": "low",
        "geometry_role": "design_proposal",
        "area_sqm_declared": 1175.956,
        "design_note_zh": "概念体量建议，非建筑高度或容积率结论；待正式控规条件确认。"
      },
      "geometry": {
        "type": "Polygon",
        "coordinates": [
          [
            [
              116.3465773,
              39.9854438
            ],
            [
              116.3465749,
              39.985696
            ],
            [
              116.3460832,
              39.9856932
            ],
            [
              116.3460856,
              39.9854411
            ],
            [
              116.3465773,
              39.9854438
            ]
          ]
        ]
      }
    },
    {
      "type": "Feature",
      "id": "BLDG-068",
      "properties": {
        "id": "BLDG-068",
        "layer": "BUILDING_FOOTPRINT",
        "building_type": "incubator",
        "intervention": "renovate_concept",
        "concept_floors": "3-6",
        "massing_status": "conceptual_design_suggestion",
        "name_zh": "原点近校孵化街坊",
        "source_type": "agent_generated_design",
        "confidence": "low",
        "geometry_role": "design_proposal",
        "area_sqm_declared": 1175.717,
        "design_note_zh": "概念体量建议，非建筑高度或容积率结论；待正式控规条件确认。"
      },
      "geometry": {
        "type": "Polygon",
        "coordinates": [
          [
            [
              116.3434821,
              39.9858947
            ],
            [
              116.3434797,
              39.9861468
            ],
            [
              116.342988,
              39.986144
            ],
            [
              116.3429904,
              39.9858919
            ],
            [
              116.3434821,
              39.9858947
            ]
          ]
        ]
      }
    },
    {
      "type": "Feature",
      "id": "BLDG-069",
      "properties": {
        "id": "BLDG-069",
        "layer": "BUILDING_FOOTPRINT",
        "building_type": "incubator",
        "intervention": "renovate_concept",
        "concept_floors": "3-6",
        "massing_status": "conceptual_design_suggestion",
        "name_zh": "原点近校孵化街坊",
        "source_type": "agent_generated_design",
        "confidence": "low",
        "geometry_role": "design_proposal",
        "area_sqm_declared": 1175.949,
        "design_note_zh": "概念体量建议，非建筑高度或容积率结论；待正式控规条件确认。"
      },
      "geometry": {
        "type": "Polygon",
        "coordinates": [
          [
            [
              116.3442548,
              39.985899
            ],
            [
              116.3442524,
              39.9861512
            ],
            [
              116.3437607,
              39.9861484
            ],
            [
              116.3437631,
              39.9858963
            ],
            [
              116.3442548,
              39.985899
            ]
          ]
        ]
      }
    },
    {
      "type": "Feature",
      "id": "BLDG-070",
      "properties": {
        "id": "BLDG-070",
        "layer": "BUILDING_FOOTPRINT",
        "building_type": "incubator",
        "intervention": "renovate_concept",
        "concept_floors": "3-6",
        "massing_status": "conceptual_design_suggestion",
        "name_zh": "原点近校孵化街坊",
        "source_type": "agent_generated_design",
        "confidence": "low",
        "geometry_role": "design_proposal",
        "area_sqm_declared": 1176.183,
        "design_note_zh": "概念体量建议，非建筑高度或容积率结论；待正式控规条件确认。"
      },
      "geometry": {
        "type": "Polygon",
        "coordinates": [
          [
            [
              116.3450275,
              39.9859034
            ],
            [
              116.3450251,
              39.9861556
            ],
            [
              116.3445334,
              39.9861528
            ],
            [
              116.3445358,
              39.9859006
            ],
            [
              116.3450275,
              39.9859034
            ]
          ]
        ]
      }
    },
    {
      "type": "Feature",
      "id": "BLDG-071",
      "properties": {
        "id": "BLDG-071",
        "layer": "BUILDING_FOOTPRINT",
        "building_type": "incubator",
        "intervention": "renovate_concept",
        "concept_floors": "3-6",
        "massing_status": "conceptual_design_suggestion",
        "name_zh": "原点近校孵化街坊",
        "source_type": "agent_generated_design",
        "confidence": "low",
        "geometry_role": "design_proposal",
        "area_sqm_declared": 1175.948,
        "design_note_zh": "概念体量建议，非建筑高度或容积率结论；待正式控规条件确认。"
      },
      "geometry": {
        "type": "Polygon",
        "coordinates": [
          [
            [
              116.3458002,
              39.9859078
            ],
            [
              116.3457978,
              39.9861599
            ],
            [
              116.3453061,
              39.9861572
            ],
            [
              116.3453085,
              39.985905
            ],
            [
              116.3458002,
              39.9859078
            ]
          ]
        ]
      }
    },
    {
      "type": "Feature",
      "id": "BLDG-072",
      "properties": {
        "id": "BLDG-072",
        "layer": "BUILDING_FOOTPRINT",
        "building_type": "incubator",
        "intervention": "renovate_concept",
        "concept_floors": "3-6",
        "massing_status": "conceptual_design_suggestion",
        "name_zh": "原点近校孵化街坊",
        "source_type": "agent_generated_design",
        "confidence": "low",
        "geometry_role": "design_proposal",
        "area_sqm_declared": 1175.948,
        "design_note_zh": "概念体量建议，非建筑高度或容积率结论；待正式控规条件确认。"
      },
      "geometry": {
        "type": "Polygon",
        "coordinates": [
          [
            [
              116.3465729,
              39.9859121
            ],
            [
              116.3465705,
              39.9861643
            ],
            [
              116.3460788,
              39.9861615
            ],
            [
              116.3460812,
              39.9859094
            ],
            [
              116.3465729,
              39.9859121
            ]
          ]
        ]
      }
    },
    {
      "type": "Feature",
      "id": "BLDG-073",
      "properties": {
        "id": "BLDG-073",
        "layer": "BUILDING_FOOTPRINT",
        "building_type": "incubator",
        "intervention": "renovate_concept",
        "concept_floors": "3-6",
        "massing_status": "conceptual_design_suggestion",
        "name_zh": "原点近校孵化街坊",
        "source_type": "agent_generated_design",
        "confidence": "low",
        "geometry_role": "design_proposal",
        "area_sqm_declared": 1175.712,
        "design_note_zh": "概念体量建议，非建筑高度或容积率结论；待正式控规条件确认。"
      },
      "geometry": {
        "type": "Polygon",
        "coordinates": [
          [
            [
              116.3434777,
              39.986363
            ],
            [
              116.3434752,
              39.9866151
            ],
            [
              116.3429835,
              39.9866123
            ],
            [
              116.342986,
              39.9863602
            ],
            [
              116.3434777,
              39.986363
            ]
          ]
        ]
      }
    },
    {
      "type": "Feature",
      "id": "BLDG-074",
      "properties": {
        "id": "BLDG-074",
        "layer": "BUILDING_FOOTPRINT",
        "building_type": "incubator",
        "intervention": "renovate_concept",
        "concept_floors": "3-6",
        "massing_status": "conceptual_design_suggestion",
        "name_zh": "原点近校孵化街坊",
        "source_type": "agent_generated_design",
        "confidence": "low",
        "geometry_role": "design_proposal",
        "area_sqm_declared": 1175.941,
        "design_note_zh": "概念体量建议，非建筑高度或容积率结论；待正式控规条件确认。"
      },
      "geometry": {
        "type": "Polygon",
        "coordinates": [
          [
            [
              116.3442503,
              39.9863673
            ],
            [
              116.3442479,
              39.9866195
            ],
            [
              116.3437562,
              39.9866167
            ],
            [
              116.3437586,
              39.9863646
            ],
            [
              116.3442503,
              39.9863673
            ]
          ]
        ]
      }
    },
    {
      "type": "Feature",
      "id": "BLDG-075",
      "properties": {
        "id": "BLDG-075",
        "layer": "BUILDING_FOOTPRINT",
        "building_type": "incubator",
        "intervention": "renovate_concept",
        "concept_floors": "3-6",
        "massing_status": "conceptual_design_suggestion",
        "name_zh": "原点近校孵化街坊",
        "source_type": "agent_generated_design",
        "confidence": "low",
        "geometry_role": "design_proposal",
        "area_sqm_declared": 1176.175,
        "design_note_zh": "概念体量建议，非建筑高度或容积率结论；待正式控规条件确认。"
      },
      "geometry": {
        "type": "Polygon",
        "coordinates": [
          [
            [
              116.345023,
              39.9863717
            ],
            [
              116.3450206,
              39.9866239
            ],
            [
              116.3445289,
              39.9866211
            ],
            [
              116.3445313,
              39.9863689
            ],
            [
              116.345023,
              39.9863717
            ]
          ]
        ]
      }
    },
    {
      "type": "Feature",
      "id": "BLDG-076",
      "properties": {
        "id": "BLDG-076",
        "layer": "BUILDING_FOOTPRINT",
        "building_type": "incubator",
        "intervention": "renovate_concept",
        "concept_floors": "3-6",
        "massing_status": "conceptual_design_suggestion",
        "name_zh": "原点近校孵化街坊",
        "source_type": "agent_generated_design",
        "confidence": "low",
        "geometry_role": "design_proposal",
        "area_sqm_declared": 1175.708,
        "design_note_zh": "概念体量建议，非建筑高度或容积率结论；待正式控规条件确认。"
      },
      "geometry": {
        "type": "Polygon",
        "coordinates": [
          [
            [
              116.3457957,
              39.9863761
            ],
            [
              116.3457933,
              39.9866282
            ],
            [
              116.3453016,
              39.9866254
            ],
            [
              116.345304,
              39.9863733
            ],
            [
              116.3457957,
              39.9863761
            ]
          ]
        ]
      }
    },
    {
      "type": "Feature",
      "id": "BLDG-077",
      "properties": {
        "id": "BLDG-077",
        "layer": "BUILDING_FOOTPRINT",
        "building_type": "incubator",
        "intervention": "renovate_concept",
        "concept_floors": "3-6",
        "massing_status": "conceptual_design_suggestion",
        "name_zh": "原点近校孵化街坊",
        "source_type": "agent_generated_design",
        "confidence": "low",
        "geometry_role": "design_proposal",
        "area_sqm_declared": 1175.94,
        "design_note_zh": "概念体量建议，非建筑高度或容积率结论；待正式控规条件确认。"
      },
      "geometry": {
        "type": "Polygon",
        "coordinates": [
          [
            [
              116.3465684,
              39.9863804
            ],
            [
              116.346566,
              39.9866326
            ],
            [
              116.3460743,
              39.9866298
            ],
            [
              116.3460767,
              39.9863777
            ],
            [
              116.3465684,
              39.9863804
            ]
          ]
        ]
      }
    },
    {
      "type": "Feature",
      "id": "BLDG-078",
      "properties": {
        "id": "BLDG-078",
        "layer": "BUILDING_FOOTPRINT",
        "building_type": "incubator",
        "intervention": "renovate_concept",
        "concept_floors": "3-6",
        "massing_status": "conceptual_design_suggestion",
        "name_zh": "原点近校孵化街坊",
        "source_type": "agent_generated_design",
        "confidence": "low",
        "geometry_role": "design_proposal",
        "area_sqm_declared": 1175.701,
        "design_note_zh": "概念体量建议，非建筑高度或容积率结论；待正式控规条件确认。"
      },
      "geometry": {
        "type": "Polygon",
        "coordinates": [
          [
            [
              116.3434732,
              39.9868313
            ],
            [
              116.3434708,
              39.9870834
            ],
            [
              116.3429791,
              39.9870806
            ],
            [
              116.3429815,
              39.9868285
            ],
            [
              116.3434732,
              39.9868313
            ]
          ]
        ]
      }
    },
    {
      "type": "Feature",
      "id": "BLDG-079",
      "properties": {
        "id": "BLDG-079",
        "layer": "BUILDING_FOOTPRINT",
        "building_type": "incubator",
        "intervention": "renovate_concept",
        "concept_floors": "3-6",
        "massing_status": "conceptual_design_suggestion",
        "name_zh": "原点近校孵化街坊",
        "source_type": "agent_generated_design",
        "confidence": "low",
        "geometry_role": "design_proposal",
        "area_sqm_declared": 1176.288,
        "design_note_zh": "概念体量建议，非建筑高度或容积率结论；待正式控规条件确认。"
      },
      "geometry": {
        "type": "Polygon",
        "coordinates": [
          [
            [
              116.3442459,
              39.9868356
            ],
            [
              116.3442435,
              39.9870878
            ],
            [
              116.3437517,
              39.987085
            ],
            [
              116.3437542,
              39.9868328
            ],
            [
              116.3442459,
              39.9868356
            ]
          ]
        ]
      }
    },
    {
      "type": "Feature",
      "id": "BLDG-080",
      "properties": {
        "id": "BLDG-080",
        "layer": "BUILDING_FOOTPRINT",
        "building_type": "incubator",
        "intervention": "renovate_concept",
        "concept_floors": "3-6",
        "massing_status": "conceptual_design_suggestion",
        "name_zh": "原点近校孵化街坊",
        "source_type": "agent_generated_design",
        "confidence": "low",
        "geometry_role": "design_proposal",
        "area_sqm_declared": 1176.406,
        "design_note_zh": "概念体量建议，非建筑高度或容积率结论；待正式控规条件确认。"
      },
      "geometry": {
        "type": "Polygon",
        "coordinates": [
          [
            [
              116.3450186,
              39.98684
            ],
            [
              116.3450162,
              39.9870922
            ],
            [
              116.3445244,
              39.9870894
            ],
            [
              116.3445268,
              39.9868372
            ],
            [
              116.3450186,
              39.98684
            ]
          ]
        ]
      }
    },
    {
      "type": "Feature",
      "id": "BLDG-081",
      "properties": {
        "id": "BLDG-081",
        "layer": "BUILDING_FOOTPRINT",
        "building_type": "incubator",
        "intervention": "renovate_concept",
        "concept_floors": "3-6",
        "massing_status": "conceptual_design_suggestion",
        "name_zh": "原点近校孵化街坊",
        "source_type": "agent_generated_design",
        "confidence": "low",
        "geometry_role": "design_proposal",
        "area_sqm_declared": 1175.7,
        "design_note_zh": "概念体量建议，非建筑高度或容积率结论；待正式控规条件确认。"
      },
      "geometry": {
        "type": "Polygon",
        "coordinates": [
          [
            [
              116.3457912,
              39.9868444
            ],
            [
              116.3457888,
              39.9870965
            ],
            [
              116.3452971,
              39.9870937
            ],
            [
              116.3452995,
              39.9868416
            ],
            [
              116.3457912,
              39.9868444
            ]
          ]
        ]
      }
    },
    {
      "type": "Feature",
      "id": "BLDG-082",
      "properties": {
        "id": "BLDG-082",
        "layer": "BUILDING_FOOTPRINT",
        "building_type": "incubator",
        "intervention": "renovate_concept",
        "concept_floors": "3-6",
        "massing_status": "conceptual_design_suggestion",
        "name_zh": "原点近校孵化街坊",
        "source_type": "agent_generated_design",
        "confidence": "low",
        "geometry_role": "design_proposal",
        "area_sqm_declared": 1176.166,
        "design_note_zh": "概念体量建议，非建筑高度或容积率结论；待正式控规条件确认。"
      },
      "geometry": {
        "type": "Polygon",
        "coordinates": [
          [
            [
              116.3465639,
              39.9868487
            ],
            [
              116.3465615,
              39.9871009
            ],
            [
              116.3460698,
              39.9870981
            ],
            [
              116.3460722,
              39.9868459
            ],
            [
              116.3465639,
              39.9868487
            ]
          ]
        ]
      }
    },
    {
      "type": "Feature",
      "id": "BLDG-083",
      "properties": {
        "id": "BLDG-083",
        "layer": "BUILDING_FOOTPRINT",
        "building_type": "incubator",
        "intervention": "renovate_concept",
        "concept_floors": "3-6",
        "massing_status": "conceptual_design_suggestion",
        "name_zh": "原点近校孵化街坊",
        "source_type": "agent_generated_design",
        "confidence": "low",
        "geometry_role": "design_proposal",
        "area_sqm_declared": 1175.925,
        "design_note_zh": "概念体量建议，非建筑高度或容积率结论；待正式控规条件确认。"
      },
      "geometry": {
        "type": "Polygon",
        "coordinates": [
          [
            [
              116.3434687,
              39.9872995
            ],
            [
              116.3434663,
              39.9875517
            ],
            [
              116.3429746,
              39.9875489
            ],
            [
              116.342977,
              39.9872968
            ],
            [
              116.3434687,
              39.9872995
            ]
          ]
        ]
      }
    },
    {
      "type": "Feature",
      "id": "BLDG-084",
      "properties": {
        "id": "BLDG-084",
        "layer": "BUILDING_FOOTPRINT",
        "building_type": "incubator",
        "intervention": "renovate_concept",
        "concept_floors": "3-6",
        "massing_status": "conceptual_design_suggestion",
        "name_zh": "原点近校孵化街坊",
        "source_type": "agent_generated_design",
        "confidence": "low",
        "geometry_role": "design_proposal",
        "area_sqm_declared": 1176.159,
        "design_note_zh": "概念体量建议，非建筑高度或容积率结论；待正式控规条件确认。"
      },
      "geometry": {
        "type": "Polygon",
        "coordinates": [
          [
            [
              116.3442414,
              39.9873039
            ],
            [
              116.344239,
              39.9875561
            ],
            [
              116.3437473,
              39.9875533
            ],
            [
              116.3437497,
              39.9873011
            ],
            [
              116.3442414,
              39.9873039
            ]
          ]
        ]
      }
    },
    {
      "type": "Feature",
      "id": "BLDG-085",
      "properties": {
        "id": "BLDG-085",
        "layer": "BUILDING_FOOTPRINT",
        "building_type": "incubator",
        "intervention": "renovate_concept",
        "concept_floors": "3-6",
        "massing_status": "conceptual_design_suggestion",
        "name_zh": "原点近校孵化街坊",
        "source_type": "agent_generated_design",
        "confidence": "low",
        "geometry_role": "design_proposal",
        "area_sqm_declared": 1175.925,
        "design_note_zh": "概念体量建议，非建筑高度或容积率结论；待正式控规条件确认。"
      },
      "geometry": {
        "type": "Polygon",
        "coordinates": [
          [
            [
              116.3450141,
              39.9873083
            ],
            [
              116.3450117,
              39.9875604
            ],
            [
              116.34452,
              39.9875577
            ],
            [
              116.3445224,
              39.9873055
            ],
            [
              116.3450141,
              39.9873083
            ]
          ]
        ]
      }
    },
    {
      "type": "Feature",
      "id": "BLDG-086",
      "properties": {
        "id": "BLDG-086",
        "layer": "BUILDING_FOOTPRINT",
        "building_type": "incubator",
        "intervention": "renovate_concept",
        "concept_floors": "3-6",
        "massing_status": "conceptual_design_suggestion",
        "name_zh": "原点近校孵化街坊",
        "source_type": "agent_generated_design",
        "confidence": "low",
        "geometry_role": "design_proposal",
        "area_sqm_declared": 1175.692,
        "design_note_zh": "概念体量建议，非建筑高度或容积率结论；待正式控规条件确认。"
      },
      "geometry": {
        "type": "Polygon",
        "coordinates": [
          [
            [
              116.3457868,
              39.9873127
            ],
            [
              116.3457844,
              39.9875648
            ],
            [
              116.3452927,
              39.987562
            ],
            [
              116.3452951,
              39.9873099
            ],
            [
              116.3457868,
              39.9873127
            ]
          ]
        ]
      }
    },
    {
      "type": "Feature",
      "id": "BLDG-087",
      "properties": {
        "id": "BLDG-087",
        "layer": "BUILDING_FOOTPRINT",
        "building_type": "incubator",
        "intervention": "renovate_concept",
        "concept_floors": "3-6",
        "massing_status": "conceptual_design_suggestion",
        "name_zh": "原点近校孵化街坊",
        "source_type": "agent_generated_design",
        "confidence": "low",
        "geometry_role": "design_proposal",
        "area_sqm_declared": 1176.158,
        "design_note_zh": "概念体量建议，非建筑高度或容积率结论；待正式控规条件确认。"
      },
      "geometry": {
        "type": "Polygon",
        "coordinates": [
          [
            [
              116.3465595,
              39.987317
            ],
            [
              116.3465571,
              39.9875692
            ],
            [
              116.3460654,
              39.9875664
            ],
            [
              116.3460678,
              39.9873142
            ],
            [
              116.3465595,
              39.987317
            ]
          ]
        ]
      }
    },
    {
      "type": "Feature",
      "id": "BLDG-088",
      "properties": {
        "id": "BLDG-088",
        "layer": "BUILDING_FOOTPRINT",
        "building_type": "talent_apartment",
        "intervention": "new_concept",
        "concept_floors": "6-12",
        "massing_status": "conceptual_design_suggestion",
        "name_zh": "原点人才公寓",
        "source_type": "agent_generated_design",
        "confidence": "low",
        "geometry_role": "design_proposal",
        "area_sqm_declared": 1040.061,
        "design_note_zh": "概念体量建议，非建筑高度或容积率结论；待正式控规条件确认。"
      },
      "geometry": {
        "type": "Polygon",
        "coordinates": [
          [
            [
              116.349318,
              39.9840266
            ],
            [
              116.3493158,
              39.9842607
            ],
            [
              116.3488475,
              39.9842581
            ],
            [
              116.3488497,
              39.9840239
            ],
            [
              116.349318,
              39.9840266
            ]
          ]
        ]
      }
    },
    {
      "type": "Feature",
      "id": "BLDG-089",
      "properties": {
        "id": "BLDG-089",
        "layer": "BUILDING_FOOTPRINT",
        "building_type": "talent_apartment",
        "intervention": "new_concept",
        "concept_floors": "6-12",
        "massing_status": "conceptual_design_suggestion",
        "name_zh": "原点人才公寓",
        "source_type": "agent_generated_design",
        "confidence": "low",
        "geometry_role": "design_proposal",
        "area_sqm_declared": 1040.061,
        "design_note_zh": "概念体量建议，非建筑高度或容积率结论；待正式控规条件确认。"
      },
      "geometry": {
        "type": "Polygon",
        "coordinates": [
          [
            [
              116.3501141,
              39.984031
            ],
            [
              116.3501119,
              39.9842652
            ],
            [
              116.3496436,
              39.9842625
            ],
            [
              116.3496458,
              39.9840284
            ],
            [
              116.3501141,
              39.984031
            ]
          ]
        ]
      }
    },
    {
      "type": "Feature",
      "id": "BLDG-090",
      "properties": {
        "id": "BLDG-090",
        "layer": "BUILDING_FOOTPRINT",
        "building_type": "talent_apartment",
        "intervention": "new_concept",
        "concept_floors": "6-12",
        "massing_status": "conceptual_design_suggestion",
        "name_zh": "原点人才公寓",
        "source_type": "agent_generated_design",
        "confidence": "low",
        "geometry_role": "design_proposal",
        "area_sqm_declared": 1039.837,
        "design_note_zh": "概念体量建议，非建筑高度或容积率结论；待正式控规条件确认。"
      },
      "geometry": {
        "type": "Polygon",
        "coordinates": [
          [
            [
              116.3509102,
              39.9840355
            ],
            [
              116.350908,
              39.9842696
            ],
            [
              116.3504397,
              39.984267
            ],
            [
              116.3504419,
              39.9840329
            ],
            [
              116.3509102,
              39.9840355
            ]
          ]
        ]
      }
    },
    {
      "type": "Feature",
      "id": "BLDG-091",
      "properties": {
        "id": "BLDG-091",
        "layer": "BUILDING_FOOTPRINT",
        "building_type": "talent_apartment",
        "intervention": "new_concept",
        "concept_floors": "6-12",
        "massing_status": "conceptual_design_suggestion",
        "name_zh": "原点人才公寓",
        "source_type": "agent_generated_design",
        "confidence": "low",
        "geometry_role": "design_proposal",
        "area_sqm_declared": 1040.171,
        "design_note_zh": "概念体量建议，非建筑高度或容积率结论；待正式控规条件确认。"
      },
      "geometry": {
        "type": "Polygon",
        "coordinates": [
          [
            [
              116.3517062,
              39.9840399
            ],
            [
              116.351704,
              39.9842741
            ],
            [
              116.3512357,
              39.9842715
            ],
            [
              116.351238,
              39.9840373
            ],
            [
              116.3517062,
              39.9840399
            ]
          ]
        ]
      }
    },
    {
      "type": "Feature",
      "id": "BLDG-092",
      "properties": {
        "id": "BLDG-092",
        "layer": "BUILDING_FOOTPRINT",
        "building_type": "talent_apartment",
        "intervention": "new_concept",
        "concept_floors": "6-12",
        "massing_status": "conceptual_design_suggestion",
        "name_zh": "原点人才公寓",
        "source_type": "agent_generated_design",
        "confidence": "low",
        "geometry_role": "design_proposal",
        "area_sqm_declared": 1040.054,
        "design_note_zh": "概念体量建议，非建筑高度或容积率结论；待正式控规条件确认。"
      },
      "geometry": {
        "type": "Polygon",
        "coordinates": [
          [
            [
              116.3493134,
              39.9845129
            ],
            [
              116.3493112,
              39.984747
            ],
            [
              116.3488429,
              39.9847444
            ],
            [
              116.3488451,
              39.9845102
            ],
            [
              116.3493134,
              39.9845129
            ]
          ]
        ]
      }
    },
    {
      "type": "Feature",
      "id": "BLDG-093",
      "properties": {
        "id": "BLDG-093",
        "layer": "BUILDING_FOOTPRINT",
        "building_type": "talent_apartment",
        "intervention": "new_concept",
        "concept_floors": "6-12",
        "massing_status": "conceptual_design_suggestion",
        "name_zh": "原点人才公寓",
        "source_type": "agent_generated_design",
        "confidence": "low",
        "geometry_role": "design_proposal",
        "area_sqm_declared": 1040.053,
        "design_note_zh": "概念体量建议，非建筑高度或容积率结论；待正式控规条件确认。"
      },
      "geometry": {
        "type": "Polygon",
        "coordinates": [
          [
            [
              116.3501095,
              39.9845173
            ],
            [
              116.3501073,
              39.9847515
            ],
            [
              116.349639,
              39.9847488
            ],
            [
              116.3496412,
              39.9845147
            ],
            [
              116.3501095,
              39.9845173
            ]
          ]
        ]
      }
    },
    {
      "type": "Feature",
      "id": "BLDG-094",
      "properties": {
        "id": "BLDG-094",
        "layer": "BUILDING_FOOTPRINT",
        "building_type": "talent_apartment",
        "intervention": "new_concept",
        "concept_floors": "6-12",
        "massing_status": "conceptual_design_suggestion",
        "name_zh": "原点人才公寓",
        "source_type": "agent_generated_design",
        "confidence": "low",
        "geometry_role": "design_proposal",
        "area_sqm_declared": 1039.83,
        "design_note_zh": "概念体量建议，非建筑高度或容积率结论；待正式控规条件确认。"
      },
      "geometry": {
        "type": "Polygon",
        "coordinates": [
          [
            [
              116.3509056,
              39.9845218
            ],
            [
              116.3509034,
              39.9847559
            ],
            [
              116.3504351,
              39.9847533
            ],
            [
              116.3504373,
              39.9845192
            ],
            [
              116.3509056,
              39.9845218
            ]
          ]
        ]
      }
    },
    {
      "type": "Feature",
      "id": "BLDG-095",
      "properties": {
        "id": "BLDG-095",
        "layer": "BUILDING_FOOTPRINT",
        "building_type": "talent_apartment",
        "intervention": "new_concept",
        "concept_floors": "6-12",
        "massing_status": "conceptual_design_suggestion",
        "name_zh": "原点人才公寓",
        "source_type": "agent_generated_design",
        "confidence": "low",
        "geometry_role": "design_proposal",
        "area_sqm_declared": 1040.164,
        "design_note_zh": "概念体量建议，非建筑高度或容积率结论；待正式控规条件确认。"
      },
      "geometry": {
        "type": "Polygon",
        "coordinates": [
          [
            [
              116.3517016,
              39.9845262
            ],
            [
              116.3516994,
              39.9847604
            ],
            [
              116.3512311,
              39.9847578
            ],
            [
              116.3512334,
              39.9845236
            ],
            [
              116.3517016,
              39.9845262
            ]
          ]
        ]
      }
    },
    {
      "type": "Feature",
      "id": "BLDG-096",
      "properties": {
        "id": "BLDG-096",
        "layer": "BUILDING_FOOTPRINT",
        "building_type": "talent_apartment",
        "intervention": "new_concept",
        "concept_floors": "6-12",
        "massing_status": "conceptual_design_suggestion",
        "name_zh": "原点人才公寓",
        "source_type": "agent_generated_design",
        "confidence": "low",
        "geometry_role": "design_proposal",
        "area_sqm_declared": 1039.829,
        "design_note_zh": "概念体量建议，非建筑高度或容积率结论；待正式控规条件确认。"
      },
      "geometry": {
        "type": "Polygon",
        "coordinates": [
          [
            [
              116.3524977,
              39.9845307
            ],
            [
              116.3524955,
              39.9847648
            ],
            [
              116.3520272,
              39.9847622
            ],
            [
              116.3520294,
              39.9845281
            ],
            [
              116.3524977,
              39.9845307
            ]
          ]
        ]
      }
    },
    {
      "type": "Feature",
      "id": "BLDG-097",
      "properties": {
        "id": "BLDG-097",
        "layer": "BUILDING_FOOTPRINT",
        "building_type": "talent_apartment",
        "intervention": "new_concept",
        "concept_floors": "6-12",
        "massing_status": "conceptual_design_suggestion",
        "name_zh": "原点人才公寓",
        "source_type": "agent_generated_design",
        "confidence": "low",
        "geometry_role": "design_proposal",
        "area_sqm_declared": 1040.046,
        "design_note_zh": "概念体量建议，非建筑高度或容积率结论；待正式控规条件确认。"
      },
      "geometry": {
        "type": "Polygon",
        "coordinates": [
          [
            [
              116.3493088,
              39.9849992
            ],
            [
              116.3493066,
              39.9852333
            ],
            [
              116.3488383,
              39.9852307
            ],
            [
              116.3488405,
              39.9849965
            ],
            [
              116.3493088,
              39.9849992
            ]
          ]
        ]
      }
    },
    {
      "type": "Feature",
      "id": "BLDG-098",
      "properties": {
        "id": "BLDG-098",
        "layer": "BUILDING_FOOTPRINT",
        "building_type": "talent_apartment",
        "intervention": "new_concept",
        "concept_floors": "6-12",
        "massing_status": "conceptual_design_suggestion",
        "name_zh": "原点人才公寓",
        "source_type": "agent_generated_design",
        "confidence": "low",
        "geometry_role": "design_proposal",
        "area_sqm_declared": 1040.046,
        "design_note_zh": "概念体量建议，非建筑高度或容积率结论；待正式控规条件确认。"
      },
      "geometry": {
        "type": "Polygon",
        "coordinates": [
          [
            [
              116.3501049,
              39.9850036
            ],
            [
              116.3501027,
              39.9852378
            ],
            [
              116.3496344,
              39.9852351
            ],
            [
              116.3496366,
              39.985001
            ],
            [
              116.3501049,
              39.9850036
            ]
          ]
        ]
      }
    },
    {
      "type": "Feature",
      "id": "BLDG-099",
      "properties": {
        "id": "BLDG-099",
        "layer": "BUILDING_FOOTPRINT",
        "building_type": "talent_apartment",
        "intervention": "new_concept",
        "concept_floors": "6-12",
        "massing_status": "conceptual_design_suggestion",
        "name_zh": "原点人才公寓",
        "source_type": "agent_generated_design",
        "confidence": "low",
        "geometry_role": "design_proposal",
        "area_sqm_declared": 1039.713,
        "design_note_zh": "概念体量建议，非建筑高度或容积率结论；待正式控规条件确认。"
      },
      "geometry": {
        "type": "Polygon",
        "coordinates": [
          [
            [
              116.350901,
              39.9850081
            ],
            [
              116.3508987,
              39.9852422
            ],
            [
              116.3504305,
              39.9852396
            ],
            [
              116.3504327,
              39.9850055
            ],
            [
              116.350901,
              39.9850081
            ]
          ]
        ]
      }
    },
    {
      "type": "Feature",
      "id": "BLDG-100",
      "properties": {
        "id": "BLDG-100",
        "layer": "BUILDING_FOOTPRINT",
        "building_type": "talent_apartment",
        "intervention": "new_concept",
        "concept_floors": "6-12",
        "massing_status": "conceptual_design_suggestion",
        "name_zh": "原点人才公寓",
        "source_type": "agent_generated_design",
        "confidence": "low",
        "geometry_role": "design_proposal",
        "area_sqm_declared": 1040.157,
        "design_note_zh": "概念体量建议，非建筑高度或容积率结论；待正式控规条件确认。"
      },
      "geometry": {
        "type": "Polygon",
        "coordinates": [
          [
            [
              116.351697,
              39.9850125
            ],
            [
              116.3516948,
              39.9852467
            ],
            [
              116.3512265,
              39.9852441
            ],
            [
              116.3512288,
              39.9850099
            ],
            [
              116.351697,
              39.9850125
            ]
          ]
        ]
      }
    },
    {
      "type": "Feature",
      "id": "BLDG-101",
      "properties": {
        "id": "BLDG-101",
        "layer": "BUILDING_FOOTPRINT",
        "building_type": "talent_apartment",
        "intervention": "new_concept",
        "concept_floors": "6-12",
        "massing_status": "conceptual_design_suggestion",
        "name_zh": "原点人才公寓",
        "source_type": "agent_generated_design",
        "confidence": "low",
        "geometry_role": "design_proposal",
        "area_sqm_declared": 1039.822,
        "design_note_zh": "概念体量建议，非建筑高度或容积率结论；待正式控规条件确认。"
      },
      "geometry": {
        "type": "Polygon",
        "coordinates": [
          [
            [
              116.3524931,
              39.985017
            ],
            [
              116.3524909,
              39.9852511
            ],
            [
              116.3520226,
              39.9852485
            ],
            [
              116.3520248,
              39.9850144
            ],
            [
              116.3524931,
              39.985017
            ]
          ]
        ]
      }
    },
    {
      "type": "Feature",
      "id": "BLDG-102",
      "properties": {
        "id": "BLDG-102",
        "layer": "BUILDING_FOOTPRINT",
        "building_type": "talent_apartment",
        "intervention": "new_concept",
        "concept_floors": "6-12",
        "massing_status": "conceptual_design_suggestion",
        "name_zh": "原点人才公寓",
        "source_type": "agent_generated_design",
        "confidence": "low",
        "geometry_role": "design_proposal",
        "area_sqm_declared": 1040.039,
        "design_note_zh": "概念体量建议，非建筑高度或容积率结论；待正式控规条件确认。"
      },
      "geometry": {
        "type": "Polygon",
        "coordinates": [
          [
            [
              116.3493042,
              39.9854855
            ],
            [
              116.349302,
              39.9857196
            ],
            [
              116.3488337,
              39.985717
            ],
            [
              116.3488359,
              39.9854828
            ],
            [
              116.3493042,
              39.9854855
            ]
          ]
        ]
      }
    },
    {
      "type": "Feature",
      "id": "BLDG-103",
      "properties": {
        "id": "BLDG-103",
        "layer": "BUILDING_FOOTPRINT",
        "building_type": "talent_apartment",
        "intervention": "new_concept",
        "concept_floors": "6-12",
        "massing_status": "conceptual_design_suggestion",
        "name_zh": "原点人才公寓",
        "source_type": "agent_generated_design",
        "confidence": "low",
        "geometry_role": "design_proposal",
        "area_sqm_declared": 1040.26,
        "design_note_zh": "概念体量建议，非建筑高度或容积率结论；待正式控规条件确认。"
      },
      "geometry": {
        "type": "Polygon",
        "coordinates": [
          [
            [
              116.3501003,
              39.9854899
            ],
            [
              116.3500981,
              39.9857241
            ],
            [
              116.3496298,
              39.9857215
            ],
            [
              116.349632,
              39.9854873
            ],
            [
              116.3501003,
              39.9854899
            ]
          ]
        ]
      }
    },
    {
      "type": "Feature",
      "id": "BLDG-104",
      "properties": {
        "id": "BLDG-104",
        "layer": "BUILDING_FOOTPRINT",
        "building_type": "talent_apartment",
        "intervention": "new_concept",
        "concept_floors": "6-12",
        "massing_status": "conceptual_design_suggestion",
        "name_zh": "原点人才公寓",
        "source_type": "agent_generated_design",
        "confidence": "low",
        "geometry_role": "design_proposal",
        "area_sqm_declared": 1039.706,
        "design_note_zh": "概念体量建议，非建筑高度或容积率结论；待正式控规条件确认。"
      },
      "geometry": {
        "type": "Polygon",
        "coordinates": [
          [
            [
              116.3508964,
              39.9854944
            ],
            [
              116.3508941,
              39.9857285
            ],
            [
              116.3504259,
              39.9857259
            ],
            [
              116.3504281,
              39.9854918
            ],
            [
              116.3508964,
              39.9854944
            ]
          ]
        ]
      }
    },
    {
      "type": "Feature",
      "id": "BLDG-105",
      "properties": {
        "id": "BLDG-105",
        "layer": "BUILDING_FOOTPRINT",
        "building_type": "talent_apartment",
        "intervention": "new_concept",
        "concept_floors": "6-12",
        "massing_status": "conceptual_design_suggestion",
        "name_zh": "原点人才公寓",
        "source_type": "agent_generated_design",
        "confidence": "low",
        "geometry_role": "design_proposal",
        "area_sqm_declared": 1040.262,
        "design_note_zh": "概念体量建议，非建筑高度或容积率结论；待正式控规条件确认。"
      },
      "geometry": {
        "type": "Polygon",
        "coordinates": [
          [
            [
              116.3516925,
              39.9854988
            ],
            [
              116.3516902,
              39.985733
            ],
            [
              116.3512219,
              39.9857304
            ],
            [
              116.3512242,
              39.9854962
            ],
            [
              116.3516925,
              39.9854988
            ]
          ]
        ]
      }
    },
    {
      "type": "Feature",
      "id": "BLDG-106",
      "properties": {
        "id": "BLDG-106",
        "layer": "BUILDING_FOOTPRINT",
        "building_type": "talent_apartment",
        "intervention": "new_concept",
        "concept_floors": "6-12",
        "massing_status": "conceptual_design_suggestion",
        "name_zh": "原点人才公寓",
        "source_type": "agent_generated_design",
        "confidence": "low",
        "geometry_role": "design_proposal",
        "area_sqm_declared": 1039.705,
        "design_note_zh": "概念体量建议，非建筑高度或容积率结论；待正式控规条件确认。"
      },
      "geometry": {
        "type": "Polygon",
        "coordinates": [
          [
            [
              116.3524885,
              39.9855033
            ],
            [
              116.3524863,
              39.9857374
            ],
            [
              116.352018,
              39.9857348
            ],
            [
              116.3520203,
              39.9855007
            ],
            [
              116.3524885,
              39.9855033
            ]
          ]
        ]
      }
    },
    {
      "type": "Feature",
      "id": "BLDG-107",
      "properties": {
        "id": "BLDG-107",
        "layer": "BUILDING_FOOTPRINT",
        "building_type": "talent_apartment",
        "intervention": "new_concept",
        "concept_floors": "6-12",
        "massing_status": "conceptual_design_suggestion",
        "name_zh": "原点人才公寓",
        "source_type": "agent_generated_design",
        "confidence": "low",
        "geometry_role": "design_proposal",
        "area_sqm_declared": 1039.922,
        "design_note_zh": "概念体量建议，非建筑高度或容积率结论；待正式控规条件确认。"
      },
      "geometry": {
        "type": "Polygon",
        "coordinates": [
          [
            [
              116.3492996,
              39.9859718
            ],
            [
              116.3492973,
              39.9862059
            ],
            [
              116.3488291,
              39.9862033
            ],
            [
              116.3488313,
              39.9859691
            ],
            [
              116.3492996,
              39.9859718
            ]
          ]
        ]
      }
    },
    {
      "type": "Feature",
      "id": "BLDG-108",
      "properties": {
        "id": "BLDG-108",
        "layer": "BUILDING_FOOTPRINT",
        "building_type": "talent_apartment",
        "intervention": "new_concept",
        "concept_floors": "6-12",
        "massing_status": "conceptual_design_suggestion",
        "name_zh": "原点人才公寓",
        "source_type": "agent_generated_design",
        "confidence": "low",
        "geometry_role": "design_proposal",
        "area_sqm_declared": 1040.143,
        "design_note_zh": "概念体量建议，非建筑高度或容积率结论；待正式控规条件确认。"
      },
      "geometry": {
        "type": "Polygon",
        "coordinates": [
          [
            [
              116.3500957,
              39.9859762
            ],
            [
              116.3500934,
              39.9862104
            ],
            [
              116.3496252,
              39.9862078
            ],
            [
              116.3496274,
              39.9859736
            ],
            [
              116.3500957,
              39.9859762
            ]
          ]
        ]
      }
    },
    {
      "type": "Feature",
      "id": "BLDG-109",
      "properties": {
        "id": "BLDG-109",
        "layer": "BUILDING_FOOTPRINT",
        "building_type": "talent_apartment",
        "intervention": "new_concept",
        "concept_floors": "6-12",
        "massing_status": "conceptual_design_suggestion",
        "name_zh": "原点人才公寓",
        "source_type": "agent_generated_design",
        "confidence": "low",
        "geometry_role": "design_proposal",
        "area_sqm_declared": 1039.698,
        "design_note_zh": "概念体量建议，非建筑高度或容积率结论；待正式控规条件确认。"
      },
      "geometry": {
        "type": "Polygon",
        "coordinates": [
          [
            [
              116.3508918,
              39.9859807
            ],
            [
              116.3508895,
              39.9862148
            ],
            [
              116.3504213,
              39.9862122
            ],
            [
              116.3504235,
              39.9859781
            ],
            [
              116.3508918,
              39.9859807
            ]
          ]
        ]
      }
    },
    {
      "type": "Feature",
      "id": "BLDG-110",
      "properties": {
        "id": "BLDG-110",
        "layer": "BUILDING_FOOTPRINT",
        "building_type": "talent_apartment",
        "intervention": "new_concept",
        "concept_floors": "6-12",
        "massing_status": "conceptual_design_suggestion",
        "name_zh": "原点人才公寓",
        "source_type": "agent_generated_design",
        "confidence": "low",
        "geometry_role": "design_proposal",
        "area_sqm_declared": 1040.034,
        "design_note_zh": "概念体量建议，非建筑高度或容积率结论；待正式控规条件确认。"
      },
      "geometry": {
        "type": "Polygon",
        "coordinates": [
          [
            [
              116.3516879,
              39.9859852
            ],
            [
              116.3516856,
              39.9862193
            ],
            [
              116.3512173,
              39.9862167
            ],
            [
              116.3512196,
              39.9859825
            ],
            [
              116.3516879,
              39.9859852
            ]
          ]
        ]
      }
    },
    {
      "type": "Feature",
      "id": "BLDG-111",
      "properties": {
        "id": "BLDG-111",
        "layer": "BUILDING_FOOTPRINT",
        "building_type": "talent_apartment",
        "intervention": "new_concept",
        "concept_floors": "6-12",
        "massing_status": "conceptual_design_suggestion",
        "name_zh": "原点人才公寓",
        "source_type": "agent_generated_design",
        "confidence": "low",
        "geometry_role": "design_proposal",
        "area_sqm_declared": 1040.033,
        "design_note_zh": "概念体量建议，非建筑高度或容积率结论；待正式控规条件确认。"
      },
      "geometry": {
        "type": "Polygon",
        "coordinates": [
          [
            [
              116.352484,
              39.9859896
            ],
            [
              116.3524817,
              39.9862238
            ],
            [
              116.3520134,
              39.9862211
            ],
            [
              116.3520157,
              39.985987
            ],
            [
              116.352484,
              39.9859896
            ]
          ]
        ]
      }
    },
    {
      "type": "Feature",
      "id": "BLDG-112",
      "properties": {
        "id": "BLDG-112",
        "layer": "BUILDING_FOOTPRINT",
        "building_type": "talent_apartment",
        "intervention": "new_concept",
        "concept_floors": "6-12",
        "massing_status": "conceptual_design_suggestion",
        "name_zh": "原点人才公寓",
        "source_type": "agent_generated_design",
        "confidence": "low",
        "geometry_role": "design_proposal",
        "area_sqm_declared": 1040.027,
        "design_note_zh": "概念体量建议，非建筑高度或容积率结论；待正式控规条件确认。"
      },
      "geometry": {
        "type": "Polygon",
        "coordinates": [
          [
            [
              116.349295,
              39.9864581
            ],
            [
              116.3492927,
              39.9866922
            ],
            [
              116.3488244,
              39.9866896
            ],
            [
              116.3488267,
              39.9864554
            ],
            [
              116.349295,
              39.9864581
            ]
          ]
        ]
      }
    },
    {
      "type": "Feature",
      "id": "BLDG-113",
      "properties": {
        "id": "BLDG-113",
        "layer": "BUILDING_FOOTPRINT",
        "building_type": "talent_apartment",
        "intervention": "new_concept",
        "concept_floors": "6-12",
        "massing_status": "conceptual_design_suggestion",
        "name_zh": "原点人才公寓",
        "source_type": "agent_generated_design",
        "confidence": "low",
        "geometry_role": "design_proposal",
        "area_sqm_declared": 1040.248,
        "design_note_zh": "概念体量建议，非建筑高度或容积率结论；待正式控规条件确认。"
      },
      "geometry": {
        "type": "Polygon",
        "coordinates": [
          [
            [
              116.3500911,
              39.9864625
            ],
            [
              116.3500888,
              39.9866967
            ],
            [
              116.3496205,
              39.9866941
            ],
            [
              116.3496228,
              39.9864599
            ],
            [
              116.3500911,
              39.9864625
            ]
          ]
        ]
      }
    },
    {
      "type": "Feature",
      "id": "BLDG-114",
      "properties": {
        "id": "BLDG-114",
        "layer": "BUILDING_FOOTPRINT",
        "building_type": "talent_apartment",
        "intervention": "new_concept",
        "concept_floors": "6-12",
        "massing_status": "conceptual_design_suggestion",
        "name_zh": "原点人才公寓",
        "source_type": "agent_generated_design",
        "confidence": "low",
        "geometry_role": "design_proposal",
        "area_sqm_declared": 1039.803,
        "design_note_zh": "概念体量建议，非建筑高度或容积率结论；待正式控规条件确认。"
      },
      "geometry": {
        "type": "Polygon",
        "coordinates": [
          [
            [
              116.3508872,
              39.986467
            ],
            [
              116.3508849,
              39.9867011
            ],
            [
              116.3504166,
              39.9866985
            ],
            [
              116.3504189,
              39.9864644
            ],
            [
              116.3508872,
              39.986467
            ]
          ]
        ]
      }
    },
    {
      "type": "Feature",
      "id": "BLDG-115",
      "properties": {
        "id": "BLDG-115",
        "layer": "BUILDING_FOOTPRINT",
        "building_type": "talent_apartment",
        "intervention": "new_concept",
        "concept_floors": "6-12",
        "massing_status": "conceptual_design_suggestion",
        "name_zh": "原点人才公寓",
        "source_type": "agent_generated_design",
        "confidence": "low",
        "geometry_role": "design_proposal",
        "area_sqm_declared": 1040.026,
        "design_note_zh": "概念体量建议，非建筑高度或容积率结论；待正式控规条件确认。"
      },
      "geometry": {
        "type": "Polygon",
        "coordinates": [
          [
            [
              116.3516833,
              39.9864715
            ],
            [
              116.351681,
              39.9867056
            ],
            [
              116.3512127,
              39.986703
            ],
            [
              116.351215,
              39.9864688
            ],
            [
              116.3516833,
              39.9864715
            ]
          ]
        ]
      }
    },
    {
      "type": "Feature",
      "id": "BLDG-116",
      "properties": {
        "id": "BLDG-116",
        "layer": "BUILDING_FOOTPRINT",
        "building_type": "talent_apartment",
        "intervention": "new_concept",
        "concept_floors": "6-12",
        "massing_status": "conceptual_design_suggestion",
        "name_zh": "原点人才公寓",
        "source_type": "agent_generated_design",
        "confidence": "low",
        "geometry_role": "design_proposal",
        "area_sqm_declared": 1040.023,
        "design_note_zh": "概念体量建议，非建筑高度或容积率结论；待正式控规条件确认。"
      },
      "geometry": {
        "type": "Polygon",
        "coordinates": [
          [
            [
              116.3524794,
              39.9864759
            ],
            [
              116.3524772,
              39.9867101
            ],
            [
              116.3520089,
              39.9867074
            ],
            [
              116.3520111,
              39.9864733
            ],
            [
              116.3524794,
              39.9864759
            ]
          ]
        ]
      }
    },
    {
      "type": "Feature",
      "id": "BLDG-117",
      "properties": {
        "id": "BLDG-117",
        "layer": "BUILDING_FOOTPRINT",
        "building_type": "talent_apartment",
        "intervention": "new_concept",
        "concept_floors": "6-12",
        "massing_status": "conceptual_design_suggestion",
        "name_zh": "原点人才公寓",
        "source_type": "agent_generated_design",
        "confidence": "low",
        "geometry_role": "design_proposal",
        "area_sqm_declared": 1040.017,
        "design_note_zh": "概念体量建议，非建筑高度或容积率结论；待正式控规条件确认。"
      },
      "geometry": {
        "type": "Polygon",
        "coordinates": [
          [
            [
              116.3492903,
              39.9869444
            ],
            [
              116.3492881,
              39.9871785
            ],
            [
              116.3488198,
              39.9871759
            ],
            [
              116.348822,
              39.9869417
            ],
            [
              116.3492903,
              39.9869444
            ]
          ]
        ]
      }
    },
    {
      "type": "Feature",
      "id": "BLDG-118",
      "properties": {
        "id": "BLDG-118",
        "layer": "BUILDING_FOOTPRINT",
        "building_type": "talent_apartment",
        "intervention": "new_concept",
        "concept_floors": "6-12",
        "massing_status": "conceptual_design_suggestion",
        "name_zh": "原点人才公寓",
        "source_type": "agent_generated_design",
        "confidence": "low",
        "geometry_role": "design_proposal",
        "area_sqm_declared": 1040.238,
        "design_note_zh": "概念体量建议，非建筑高度或容积率结论；待正式控规条件确认。"
      },
      "geometry": {
        "type": "Polygon",
        "coordinates": [
          [
            [
              116.3500864,
              39.9869488
            ],
            [
              116.3500842,
              39.987183
            ],
            [
              116.3496159,
              39.9871804
            ],
            [
              116.3496181,
              39.9869462
            ],
            [
              116.3500864,
              39.9869488
            ]
          ]
        ]
      }
    },
    {
      "type": "Feature",
      "id": "BLDG-119",
      "properties": {
        "id": "BLDG-119",
        "layer": "BUILDING_FOOTPRINT",
        "building_type": "talent_apartment",
        "intervention": "new_concept",
        "concept_floors": "6-12",
        "massing_status": "conceptual_design_suggestion",
        "name_zh": "原点人才公寓",
        "source_type": "agent_generated_design",
        "confidence": "low",
        "geometry_role": "design_proposal",
        "area_sqm_declared": 1040.019,
        "design_note_zh": "概念体量建议，非建筑高度或容积率结论；待正式控规条件确认。"
      },
      "geometry": {
        "type": "Polygon",
        "coordinates": [
          [
            [
              116.3508826,
              39.9869533
            ],
            [
              116.3508803,
              39.9871875
            ],
            [
              116.350412,
              39.9871848
            ],
            [
              116.3504143,
              39.9869507
            ],
            [
              116.3508826,
              39.9869533
            ]
          ]
        ]
      }
    },
    {
      "type": "Feature",
      "id": "BLDG-120",
      "properties": {
        "id": "BLDG-120",
        "layer": "BUILDING_FOOTPRINT",
        "building_type": "talent_apartment",
        "intervention": "new_concept",
        "concept_floors": "6-12",
        "massing_status": "conceptual_design_suggestion",
        "name_zh": "原点人才公寓",
        "source_type": "agent_generated_design",
        "confidence": "low",
        "geometry_role": "design_proposal",
        "area_sqm_declared": 1040.019,
        "design_note_zh": "概念体量建议，非建筑高度或容积率结论；待正式控规条件确认。"
      },
      "geometry": {
        "type": "Polygon",
        "coordinates": [
          [
            [
              116.3516787,
              39.9869578
            ],
            [
              116.3516764,
              39.9871919
            ],
            [
              116.3512081,
              39.9871893
            ],
            [
              116.3512104,
              39.9869551
            ],
            [
              116.3516787,
              39.9869578
            ]
          ]
        ]
      }
    },
    {
      "type": "Feature",
      "id": "BLDG-121",
      "properties": {
        "id": "BLDG-121",
        "layer": "BUILDING_FOOTPRINT",
        "building_type": "talent_apartment",
        "intervention": "new_concept",
        "concept_floors": "6-12",
        "massing_status": "conceptual_design_suggestion",
        "name_zh": "原点人才公寓",
        "source_type": "agent_generated_design",
        "confidence": "low",
        "geometry_role": "design_proposal",
        "area_sqm_declared": 1040.016,
        "design_note_zh": "概念体量建议，非建筑高度或容积率结论；待正式控规条件确认。"
      },
      "geometry": {
        "type": "Polygon",
        "coordinates": [
          [
            [
              116.3524748,
              39.9869622
            ],
            [
              116.3524726,
              39.9871964
            ],
            [
              116.3520043,
              39.9871937
            ],
            [
              116.3520065,
              39.9869596
            ],
            [
              116.3524748,
              39.9869622
            ]
          ]
        ]
      }
    },
    {
      "type": "Feature",
      "id": "BLDG-122",
      "properties": {
        "id": "BLDG-122",
        "layer": "BUILDING_FOOTPRINT",
        "building_type": "mixed_use",
        "intervention": "renovate_concept",
        "concept_floors": "6-14",
        "massing_status": "conceptual_design_suggestion",
        "name_zh": "大钟寺智能商务组团",
        "source_type": "agent_generated_design",
        "confidence": "low",
        "geometry_role": "design_proposal",
        "area_sqm_declared": 1563.746,
        "design_note_zh": "概念体量建议，非建筑高度或容积率结论；待正式控规条件确认。"
      },
      "geometry": {
        "type": "Polygon",
        "coordinates": [
          [
            [
              116.3439248,
              39.9444942
            ],
            [
              116.3439219,
              39.9448003
            ],
            [
              116.3433837,
              39.9447973
            ],
            [
              116.3433866,
              39.9444911
            ],
            [
              116.3439248,
              39.9444942
            ]
          ]
        ]
      }
    },
    {
      "type": "Feature",
      "id": "BLDG-123",
      "properties": {
        "id": "BLDG-123",
        "layer": "BUILDING_FOOTPRINT",
        "building_type": "mixed_use",
        "intervention": "renovate_concept",
        "concept_floors": "6-14",
        "massing_status": "conceptual_design_suggestion",
        "name_zh": "大钟寺智能商务组团",
        "source_type": "agent_generated_design",
        "confidence": "low",
        "geometry_role": "design_proposal",
        "area_sqm_declared": 1564.149,
        "design_note_zh": "概念体量建议，非建筑高度或容积率结论；待正式控规条件确认。"
      },
      "geometry": {
        "type": "Polygon",
        "coordinates": [
          [
            [
              116.3448141,
              39.9444992
            ],
            [
              116.3448111,
              39.9448054
            ],
            [
              116.3442729,
              39.9448023
            ],
            [
              116.3442758,
              39.9444961
            ],
            [
              116.3448141,
              39.9444992
            ]
          ]
        ]
      }
    },
    {
      "type": "Feature",
      "id": "BLDG-124",
      "properties": {
        "id": "BLDG-124",
        "layer": "BUILDING_FOOTPRINT",
        "building_type": "mixed_use",
        "intervention": "renovate_concept",
        "concept_floors": "6-14",
        "massing_status": "conceptual_design_suggestion",
        "name_zh": "大钟寺智能商务组团",
        "source_type": "agent_generated_design",
        "confidence": "low",
        "geometry_role": "design_proposal",
        "area_sqm_declared": 1564.146,
        "design_note_zh": "概念体量建议，非建筑高度或容积率结论；待正式控规条件确认。"
      },
      "geometry": {
        "type": "Polygon",
        "coordinates": [
          [
            [
              116.3457033,
              39.9445042
            ],
            [
              116.3457004,
              39.9448104
            ],
            [
              116.3451621,
              39.9448074
            ],
            [
              116.3451651,
              39.9445012
            ],
            [
              116.3457033,
              39.9445042
            ]
          ]
        ]
      }
    },
    {
      "type": "Feature",
      "id": "BLDG-125",
      "properties": {
        "id": "BLDG-125",
        "layer": "BUILDING_FOOTPRINT",
        "building_type": "mixed_use",
        "intervention": "renovate_concept",
        "concept_floors": "6-14",
        "massing_status": "conceptual_design_suggestion",
        "name_zh": "大钟寺智能商务组团",
        "source_type": "agent_generated_design",
        "confidence": "low",
        "geometry_role": "design_proposal",
        "area_sqm_declared": 1563.999,
        "design_note_zh": "概念体量建议，非建筑高度或容积率结论；待正式控规条件确认。"
      },
      "geometry": {
        "type": "Polygon",
        "coordinates": [
          [
            [
              116.3465925,
              39.9445092
            ],
            [
              116.3465896,
              39.9448154
            ],
            [
              116.3460514,
              39.9448124
            ],
            [
              116.3460543,
              39.9445062
            ],
            [
              116.3465925,
              39.9445092
            ]
          ]
        ]
      }
    },
    {
      "type": "Feature",
      "id": "BLDG-126",
      "properties": {
        "id": "BLDG-126",
        "layer": "BUILDING_FOOTPRINT",
        "building_type": "mixed_use",
        "intervention": "renovate_concept",
        "concept_floors": "6-14",
        "massing_status": "conceptual_design_suggestion",
        "name_zh": "大钟寺智能商务组团",
        "source_type": "agent_generated_design",
        "confidence": "low",
        "geometry_role": "design_proposal",
        "area_sqm_declared": 1563.987,
        "design_note_zh": "概念体量建议，非建筑高度或容积率结论；待正式控规条件确认。"
      },
      "geometry": {
        "type": "Polygon",
        "coordinates": [
          [
            [
              116.3439193,
              39.9450705
            ],
            [
              116.3439164,
              39.9453767
            ],
            [
              116.3433782,
              39.9453737
            ],
            [
              116.3433811,
              39.9450675
            ],
            [
              116.3439193,
              39.9450705
            ]
          ]
        ]
      }
    },
    {
      "type": "Feature",
      "id": "BLDG-127",
      "properties": {
        "id": "BLDG-127",
        "layer": "BUILDING_FOOTPRINT",
        "building_type": "mixed_use",
        "intervention": "renovate_concept",
        "concept_floors": "6-14",
        "massing_status": "conceptual_design_suggestion",
        "name_zh": "大钟寺智能商务组团",
        "source_type": "agent_generated_design",
        "confidence": "low",
        "geometry_role": "design_proposal",
        "area_sqm_declared": 1564.133,
        "design_note_zh": "概念体量建议，非建筑高度或容积率结论；待正式控规条件确认。"
      },
      "geometry": {
        "type": "Polygon",
        "coordinates": [
          [
            [
              116.3448086,
              39.9450755
            ],
            [
              116.3448056,
              39.9453817
            ],
            [
              116.3442674,
              39.9453787
            ],
            [
              116.3442703,
              39.9450725
            ],
            [
              116.3448086,
              39.9450755
            ]
          ]
        ]
      }
    },
    {
      "type": "Feature",
      "id": "BLDG-128",
      "properties": {
        "id": "BLDG-128",
        "layer": "BUILDING_FOOTPRINT",
        "building_type": "mixed_use",
        "intervention": "renovate_concept",
        "concept_floors": "6-14",
        "massing_status": "conceptual_design_suggestion",
        "name_zh": "大钟寺智能商务组团",
        "source_type": "agent_generated_design",
        "confidence": "low",
        "geometry_role": "design_proposal",
        "area_sqm_declared": 1563.989,
        "design_note_zh": "概念体量建议，非建筑高度或容积率结论；待正式控规条件确认。"
      },
      "geometry": {
        "type": "Polygon",
        "coordinates": [
          [
            [
              116.3456978,
              39.9450806
            ],
            [
              116.3456949,
              39.9453868
            ],
            [
              116.3451567,
              39.9453837
            ],
            [
              116.3451596,
              39.9450775
            ],
            [
              116.3456978,
              39.9450806
            ]
          ]
        ]
      }
    },
    {
      "type": "Feature",
      "id": "BLDG-129",
      "properties": {
        "id": "BLDG-129",
        "layer": "BUILDING_FOOTPRINT",
        "building_type": "mixed_use",
        "intervention": "renovate_concept",
        "concept_floors": "6-14",
        "massing_status": "conceptual_design_suggestion",
        "name_zh": "大钟寺智能商务组团",
        "source_type": "agent_generated_design",
        "confidence": "low",
        "geometry_role": "design_proposal",
        "area_sqm_declared": 1563.988,
        "design_note_zh": "概念体量建议，非建筑高度或容积率结论；待正式控规条件确认。"
      },
      "geometry": {
        "type": "Polygon",
        "coordinates": [
          [
            [
              116.346587,
              39.9450856
            ],
            [
              116.3465841,
              39.9453918
            ],
            [
              116.3460459,
              39.9453887
            ],
            [
              116.3460488,
              39.9450825
            ],
            [
              116.346587,
              39.9450856
            ]
          ]
        ]
      }
    },
    {
      "type": "Feature",
      "id": "BLDG-130",
      "properties": {
        "id": "BLDG-130",
        "layer": "BUILDING_FOOTPRINT",
        "building_type": "mixed_use",
        "intervention": "renovate_concept",
        "concept_floors": "6-14",
        "massing_status": "conceptual_design_suggestion",
        "name_zh": "大钟寺智能商务组团",
        "source_type": "agent_generated_design",
        "confidence": "low",
        "geometry_role": "design_proposal",
        "area_sqm_declared": 1563.977,
        "design_note_zh": "概念体量建议，非建筑高度或容积率结论；待正式控规条件确认。"
      },
      "geometry": {
        "type": "Polygon",
        "coordinates": [
          [
            [
              116.3439138,
              39.9456469
            ],
            [
              116.3439109,
              39.9459531
            ],
            [
              116.3433727,
              39.94595
            ],
            [
              116.3433756,
              39.9456438
            ],
            [
              116.3439138,
              39.9456469
            ]
          ]
        ]
      }
    },
    {
      "type": "Feature",
      "id": "BLDG-131",
      "properties": {
        "id": "BLDG-131",
        "layer": "BUILDING_FOOTPRINT",
        "building_type": "mixed_use",
        "intervention": "renovate_concept",
        "concept_floors": "6-14",
        "massing_status": "conceptual_design_suggestion",
        "name_zh": "大钟寺智能商务组团",
        "source_type": "agent_generated_design",
        "confidence": "low",
        "geometry_role": "design_proposal",
        "area_sqm_declared": 1564.12,
        "design_note_zh": "概念体量建议，非建筑高度或容积率结论；待正式控规条件确认。"
      },
      "geometry": {
        "type": "Polygon",
        "coordinates": [
          [
            [
              116.3448031,
              39.9456519
            ],
            [
              116.3448001,
              39.9459581
            ],
            [
              116.3442619,
              39.9459551
            ],
            [
              116.3442648,
              39.9456489
            ],
            [
              116.3448031,
              39.9456519
            ]
          ]
        ]
      }
    },
    {
      "type": "Feature",
      "id": "BLDG-132",
      "properties": {
        "id": "BLDG-132",
        "layer": "BUILDING_FOOTPRINT",
        "building_type": "mixed_use",
        "intervention": "renovate_concept",
        "concept_floors": "6-14",
        "massing_status": "conceptual_design_suggestion",
        "name_zh": "大钟寺智能商务组团",
        "source_type": "agent_generated_design",
        "confidence": "low",
        "geometry_role": "design_proposal",
        "area_sqm_declared": 1563.973,
        "design_note_zh": "概念体量建议，非建筑高度或容积率结论；待正式控规条件确认。"
      },
      "geometry": {
        "type": "Polygon",
        "coordinates": [
          [
            [
              116.3456923,
              39.9456569
            ],
            [
              116.3456894,
              39.9459631
            ],
            [
              116.3451512,
              39.9459601
            ],
            [
              116.3451541,
              39.9456539
            ],
            [
              116.3456923,
              39.9456569
            ]
          ]
        ]
      }
    },
    {
      "type": "Feature",
      "id": "BLDG-133",
      "properties": {
        "id": "BLDG-133",
        "layer": "BUILDING_FOOTPRINT",
        "building_type": "mixed_use",
        "intervention": "renovate_concept",
        "concept_floors": "6-14",
        "massing_status": "conceptual_design_suggestion",
        "name_zh": "大钟寺智能商务组团",
        "source_type": "agent_generated_design",
        "confidence": "low",
        "geometry_role": "design_proposal",
        "area_sqm_declared": 1563.973,
        "design_note_zh": "概念体量建议，非建筑高度或容积率结论；待正式控规条件确认。"
      },
      "geometry": {
        "type": "Polygon",
        "coordinates": [
          [
            [
              116.3465815,
              39.9456619
            ],
            [
              116.3465786,
              39.9459681
            ],
            [
              116.3460404,
              39.9459651
            ],
            [
              116.3460433,
              39.9456589
            ],
            [
              116.3465815,
              39.9456619
            ]
          ]
        ]
      }
    },
    {
      "type": "Feature",
      "id": "BLDG-134",
      "properties": {
        "id": "BLDG-134",
        "layer": "BUILDING_FOOTPRINT",
        "building_type": "mixed_use",
        "intervention": "renovate_concept",
        "concept_floors": "6-14",
        "massing_status": "conceptual_design_suggestion",
        "name_zh": "大钟寺智能商务组团",
        "source_type": "agent_generated_design",
        "confidence": "low",
        "geometry_role": "design_proposal",
        "area_sqm_declared": 1563.961,
        "design_note_zh": "概念体量建议，非建筑高度或容积率结论；待正式控规条件确认。"
      },
      "geometry": {
        "type": "Polygon",
        "coordinates": [
          [
            [
              116.3439083,
              39.9462232
            ],
            [
              116.3439054,
              39.9465294
            ],
            [
              116.3433672,
              39.9465264
            ],
            [
              116.3433701,
              39.9462202
            ],
            [
              116.3439083,
              39.9462232
            ]
          ]
        ]
      }
    },
    {
      "type": "Feature",
      "id": "BLDG-135",
      "properties": {
        "id": "BLDG-135",
        "layer": "BUILDING_FOOTPRINT",
        "building_type": "mixed_use",
        "intervention": "renovate_concept",
        "concept_floors": "6-14",
        "massing_status": "conceptual_design_suggestion",
        "name_zh": "大钟寺智能商务组团",
        "source_type": "agent_generated_design",
        "confidence": "low",
        "geometry_role": "design_proposal",
        "area_sqm_declared": 1564.11,
        "design_note_zh": "概念体量建议，非建筑高度或容积率结论；待正式控规条件确认。"
      },
      "geometry": {
        "type": "Polygon",
        "coordinates": [
          [
            [
              116.3447976,
              39.9462283
            ],
            [
              116.3447946,
              39.9465345
            ],
            [
              116.3442564,
              39.9465314
            ],
            [
              116.3442593,
              39.9462252
            ],
            [
              116.3447976,
              39.9462283
            ]
          ]
        ]
      }
    },
    {
      "type": "Feature",
      "id": "BLDG-136",
      "properties": {
        "id": "BLDG-136",
        "layer": "BUILDING_FOOTPRINT",
        "building_type": "mixed_use",
        "intervention": "renovate_concept",
        "concept_floors": "6-14",
        "massing_status": "conceptual_design_suggestion",
        "name_zh": "大钟寺智能商务组团",
        "source_type": "agent_generated_design",
        "confidence": "low",
        "geometry_role": "design_proposal",
        "area_sqm_declared": 1563.96,
        "design_note_zh": "概念体量建议，非建筑高度或容积率结论；待正式控规条件确认。"
      },
      "geometry": {
        "type": "Polygon",
        "coordinates": [
          [
            [
              116.3456868,
              39.9462333
            ],
            [
              116.3456839,
              39.9465395
            ],
            [
              116.3451457,
              39.9465365
            ],
            [
              116.3451486,
              39.9462303
            ],
            [
              116.3456868,
              39.9462333
            ]
          ]
        ]
      }
    },
    {
      "type": "Feature",
      "id": "BLDG-137",
      "properties": {
        "id": "BLDG-137",
        "layer": "BUILDING_FOOTPRINT",
        "building_type": "mixed_use",
        "intervention": "renovate_concept",
        "concept_floors": "6-14",
        "massing_status": "conceptual_design_suggestion",
        "name_zh": "大钟寺智能商务组团",
        "source_type": "agent_generated_design",
        "confidence": "low",
        "geometry_role": "design_proposal",
        "area_sqm_declared": 1563.96,
        "design_note_zh": "概念体量建议，非建筑高度或容积率结论；待正式控规条件确认。"
      },
      "geometry": {
        "type": "Polygon",
        "coordinates": [
          [
            [
              116.346576,
              39.9462383
            ],
            [
              116.3465731,
              39.9465445
            ],
            [
              116.3460349,
              39.9465415
            ],
            [
              116.3460378,
              39.9462353
            ],
            [
              116.346576,
              39.9462383
            ]
          ]
        ]
      }
    },
    {
      "type": "Feature",
      "id": "BLDG-138",
      "properties": {
        "id": "BLDG-138",
        "layer": "BUILDING_FOOTPRINT",
        "building_type": "mixed_use",
        "intervention": "renovate_concept",
        "concept_floors": "6-14",
        "massing_status": "conceptual_design_suggestion",
        "name_zh": "大钟寺智能商务组团",
        "source_type": "agent_generated_design",
        "confidence": "low",
        "geometry_role": "design_proposal",
        "area_sqm_declared": 1563.948,
        "design_note_zh": "概念体量建议，非建筑高度或容积率结论；待正式控规条件确认。"
      },
      "geometry": {
        "type": "Polygon",
        "coordinates": [
          [
            [
              116.3439028,
              39.9467996
            ],
            [
              116.3438999,
              39.9471058
            ],
            [
              116.3433617,
              39.9471028
            ],
            [
              116.3433646,
              39.9467966
            ],
            [
              116.3439028,
              39.9467996
            ]
          ]
        ]
      }
    },
    {
      "type": "Feature",
      "id": "BLDG-139",
      "properties": {
        "id": "BLDG-139",
        "layer": "BUILDING_FOOTPRINT",
        "building_type": "mixed_use",
        "intervention": "renovate_concept",
        "concept_floors": "6-14",
        "massing_status": "conceptual_design_suggestion",
        "name_zh": "大钟寺智能商务组团",
        "source_type": "agent_generated_design",
        "confidence": "low",
        "geometry_role": "design_proposal",
        "area_sqm_declared": 1564.094,
        "design_note_zh": "概念体量建议，非建筑高度或容积率结论；待正式控规条件确认。"
      },
      "geometry": {
        "type": "Polygon",
        "coordinates": [
          [
            [
              116.3447921,
              39.9468046
            ],
            [
              116.3447891,
              39.9471108
            ],
            [
              116.3442509,
              39.9471078
            ],
            [
              116.3442538,
              39.9468016
            ],
            [
              116.3447921,
              39.9468046
            ]
          ]
        ]
      }
    },
    {
      "type": "Feature",
      "id": "BLDG-140",
      "properties": {
        "id": "BLDG-140",
        "layer": "BUILDING_FOOTPRINT",
        "building_type": "mixed_use",
        "intervention": "renovate_concept",
        "concept_floors": "6-14",
        "massing_status": "conceptual_design_suggestion",
        "name_zh": "大钟寺智能商务组团",
        "source_type": "agent_generated_design",
        "confidence": "low",
        "geometry_role": "design_proposal",
        "area_sqm_declared": 1563.95,
        "design_note_zh": "概念体量建议，非建筑高度或容积率结论；待正式控规条件确认。"
      },
      "geometry": {
        "type": "Polygon",
        "coordinates": [
          [
            [
              116.3456813,
              39.9468097
            ],
            [
              116.3456784,
              39.9471159
            ],
            [
              116.3451402,
              39.9471128
            ],
            [
              116.3451431,
              39.9468066
            ],
            [
              116.3456813,
              39.9468097
            ]
          ]
        ]
      }
    },
    {
      "type": "Feature",
      "id": "BLDG-141",
      "properties": {
        "id": "BLDG-141",
        "layer": "BUILDING_FOOTPRINT",
        "building_type": "mixed_use",
        "intervention": "renovate_concept",
        "concept_floors": "6-14",
        "massing_status": "conceptual_design_suggestion",
        "name_zh": "大钟寺智能商务组团",
        "source_type": "agent_generated_design",
        "confidence": "low",
        "geometry_role": "design_proposal",
        "area_sqm_declared": 1564.096,
        "design_note_zh": "概念体量建议，非建筑高度或容积率结论；待正式控规条件确认。"
      },
      "geometry": {
        "type": "Polygon",
        "coordinates": [
          [
            [
              116.3465706,
              39.9468147
            ],
            [
              116.3465676,
              39.9471209
            ],
            [
              116.3460294,
              39.9471178
            ],
            [
              116.3460323,
              39.9468116
            ],
            [
              116.3465706,
              39.9468147
            ]
          ]
        ]
      }
    },
    {
      "type": "Feature",
      "id": "BLDG-142",
      "properties": {
        "id": "BLDG-142",
        "layer": "BUILDING_FOOTPRINT",
        "building_type": "mixed_use",
        "intervention": "renovate_concept",
        "concept_floors": "6-14",
        "massing_status": "conceptual_design_suggestion",
        "name_zh": "大钟寺智能商务组团",
        "source_type": "agent_generated_design",
        "confidence": "low",
        "geometry_role": "design_proposal",
        "area_sqm_declared": 1563.938,
        "design_note_zh": "概念体量建议，非建筑高度或容积率结论；待正式控规条件确认。"
      },
      "geometry": {
        "type": "Polygon",
        "coordinates": [
          [
            [
              116.3438973,
              39.947376
            ],
            [
              116.3438944,
              39.9476822
            ],
            [
              116.3433562,
              39.9476791
            ],
            [
              116.3433591,
              39.9473729
            ],
            [
              116.3438973,
              39.947376
            ]
          ]
        ]
      }
    },
    {
      "type": "Feature",
      "id": "BLDG-143",
      "properties": {
        "id": "BLDG-143",
        "layer": "BUILDING_FOOTPRINT",
        "building_type": "mixed_use",
        "intervention": "renovate_concept",
        "concept_floors": "6-14",
        "massing_status": "conceptual_design_suggestion",
        "name_zh": "大钟寺智能商务组团",
        "source_type": "agent_generated_design",
        "confidence": "low",
        "geometry_role": "design_proposal",
        "area_sqm_declared": 1564.081,
        "design_note_zh": "概念体量建议，非建筑高度或容积率结论；待正式控规条件确认。"
      },
      "geometry": {
        "type": "Polygon",
        "coordinates": [
          [
            [
              116.3447866,
              39.947381
            ],
            [
              116.3447836,
              39.9476872
            ],
            [
              116.3442454,
              39.9476842
            ],
            [
              116.3442483,
              39.947378
            ],
            [
              116.3447866,
              39.947381
            ]
          ]
        ]
      }
    },
    {
      "type": "Feature",
      "id": "BLDG-144",
      "properties": {
        "id": "BLDG-144",
        "layer": "BUILDING_FOOTPRINT",
        "building_type": "mixed_use",
        "intervention": "renovate_concept",
        "concept_floors": "6-14",
        "massing_status": "conceptual_design_suggestion",
        "name_zh": "大钟寺智能商务组团",
        "source_type": "agent_generated_design",
        "confidence": "low",
        "geometry_role": "design_proposal",
        "area_sqm_declared": 1563.934,
        "design_note_zh": "概念体量建议，非建筑高度或容积率结论；待正式控规条件确认。"
      },
      "geometry": {
        "type": "Polygon",
        "coordinates": [
          [
            [
              116.3456758,
              39.947386
            ],
            [
              116.3456729,
              39.9476922
            ],
            [
              116.3451347,
              39.9476892
            ],
            [
              116.3451376,
              39.947383
            ],
            [
              116.3456758,
              39.947386
            ]
          ]
        ]
      }
    },
    {
      "type": "Feature",
      "id": "BLDG-145",
      "properties": {
        "id": "BLDG-145",
        "layer": "BUILDING_FOOTPRINT",
        "building_type": "mixed_use",
        "intervention": "renovate_concept",
        "concept_floors": "6-14",
        "massing_status": "conceptual_design_suggestion",
        "name_zh": "大钟寺智能商务组团",
        "source_type": "agent_generated_design",
        "confidence": "low",
        "geometry_role": "design_proposal",
        "area_sqm_declared": 1564.224,
        "design_note_zh": "概念体量建议，非建筑高度或容积率结论；待正式控规条件确认。"
      },
      "geometry": {
        "type": "Polygon",
        "coordinates": [
          [
            [
              116.3465651,
              39.947391
            ],
            [
              116.3465622,
              39.9476972
            ],
            [
              116.3460239,
              39.9476942
            ],
            [
              116.3460268,
              39.947388
            ],
            [
              116.3465651,
              39.947391
            ]
          ]
        ]
      }
    },
    {
      "type": "Feature",
      "id": "BLDG-146",
      "properties": {
        "id": "BLDG-146",
        "layer": "BUILDING_FOOTPRINT",
        "building_type": "mobility_hub",
        "intervention": "new_concept",
        "concept_floors": "2-4",
        "massing_status": "conceptual_design_suggestion",
        "name_zh": "大钟寺站接驳综合体",
        "source_type": "agent_generated_design",
        "confidence": "low",
        "geometry_role": "design_proposal",
        "area_sqm_declared": 5399.946,
        "design_note_zh": "概念体量建议，非建筑高度或容积率结论；待正式控规条件确认。"
      },
      "geometry": {
        "type": "Polygon",
        "coordinates": [
          [
            [
              116.3527097,
              39.9445276
            ],
            [
              116.3527046,
              39.9450679
            ],
            [
              116.3516516,
              39.9450621
            ],
            [
              116.3516567,
              39.9445217
            ],
            [
              116.3527097,
              39.9445276
            ]
          ]
        ]
      }
    },
    {
      "type": "Feature",
      "id": "BLDG-147",
      "properties": {
        "id": "BLDG-147",
        "layer": "BUILDING_FOOTPRINT",
        "building_type": "existing_retained",
        "intervention": "retain",
        "concept_floors": "existing",
        "massing_status": "conceptual_design_suggestion",
        "name_zh": "西侧现状街坊（保留更新）",
        "source_type": "agent_generated_design",
        "confidence": "low",
        "geometry_role": "design_proposal",
        "area_sqm_declared": 4400.139,
        "design_note_zh": "概念体量建议，非建筑高度或容积率结论；待正式控规条件确认。"
      },
      "geometry": {
        "type": "Polygon",
        "coordinates": [
          [
            [
              116.3434658,
              39.9423559
            ],
            [
              116.343461,
              39.9428513
            ],
            [
              116.3425251,
              39.9428459
            ],
            [
              116.3425298,
              39.9423506
            ],
            [
              116.3434658,
              39.9423559
            ]
          ]
        ]
      }
    },
    {
      "type": "Feature",
      "id": "BLDG-148",
      "properties": {
        "id": "BLDG-148",
        "layer": "BUILDING_FOOTPRINT",
        "building_type": "existing_retained",
        "intervention": "retain",
        "concept_floors": "existing",
        "massing_status": "conceptual_design_suggestion",
        "name_zh": "西侧现状街坊（保留更新）",
        "source_type": "agent_generated_design",
        "confidence": "low",
        "geometry_role": "design_proposal",
        "area_sqm_declared": 4399.928,
        "design_note_zh": "概念体量建议，非建筑高度或容积率结论；待正式控规条件确认。"
      },
      "geometry": {
        "type": "Polygon",
        "coordinates": [
          [
            [
              116.3450453,
              39.9423649
            ],
            [
              116.3450405,
              39.9428602
            ],
            [
              116.3441045,
              39.9428549
            ],
            [
              116.3441093,
              39.9423596
            ],
            [
              116.3450453,
              39.9423649
            ]
          ]
        ]
      }
    },
    {
      "type": "Feature",
      "id": "BLDG-149",
      "properties": {
        "id": "BLDG-149",
        "layer": "BUILDING_FOOTPRINT",
        "building_type": "existing_retained",
        "intervention": "retain",
        "concept_floors": "existing",
        "massing_status": "conceptual_design_suggestion",
        "name_zh": "西侧现状街坊（保留更新）",
        "source_type": "agent_generated_design",
        "confidence": "low",
        "geometry_role": "design_proposal",
        "area_sqm_declared": 4399.83,
        "design_note_zh": "概念体量建议，非建筑高度或容积率结论；待正式控规条件确认。"
      },
      "geometry": {
        "type": "Polygon",
        "coordinates": [
          [
            [
              116.3433805,
              39.9512716
            ],
            [
              116.3433758,
              39.9517669
            ],
            [
              116.3424397,
              39.9517616
            ],
            [
              116.3424444,
              39.9512663
            ],
            [
              116.3433805,
              39.9512716
            ]
          ]
        ]
      }
    },
    {
      "type": "Feature",
      "id": "BLDG-150",
      "properties": {
        "id": "BLDG-150",
        "layer": "BUILDING_FOOTPRINT",
        "building_type": "existing_retained",
        "intervention": "retain",
        "concept_floors": "existing",
        "massing_status": "conceptual_design_suggestion",
        "name_zh": "西侧现状街坊（保留更新）",
        "source_type": "agent_generated_design",
        "confidence": "low",
        "geometry_role": "design_proposal",
        "area_sqm_declared": 4399.828,
        "design_note_zh": "概念体量建议，非建筑高度或容积率结论；待正式控规条件确认。"
      },
      "geometry": {
        "type": "Polygon",
        "coordinates": [
          [
            [
              116.3449602,
              39.9512805
            ],
            [
              116.3449555,
              39.9517758
            ],
            [
              116.3440194,
              39.9517705
            ],
            [
              116.3440241,
              39.9512752
            ],
            [
              116.3449602,
              39.9512805
            ]
          ]
        ]
      }
    },
    {
      "type": "Feature",
      "id": "BLDG-151",
      "properties": {
        "id": "BLDG-151",
        "layer": "BUILDING_FOOTPRINT",
        "building_type": "existing_retained",
        "intervention": "retain",
        "concept_floors": "existing",
        "massing_status": "conceptual_design_suggestion",
        "name_zh": "西侧现状街坊（保留更新）",
        "source_type": "agent_generated_design",
        "confidence": "low",
        "geometry_role": "design_proposal",
        "area_sqm_declared": 4399.773,
        "design_note_zh": "概念体量建议，非建筑高度或容积率结论；待正式控规条件确认。"
      },
      "geometry": {
        "type": "Polygon",
        "coordinates": [
          [
            [
              116.3433711,
              39.9522622
            ],
            [
              116.3433663,
              39.9527575
            ],
            [
              116.3424302,
              39.9527522
            ],
            [
              116.342435,
              39.9522569
            ],
            [
              116.3433711,
              39.9522622
            ]
          ]
        ]
      }
    },
    {
      "type": "Feature",
      "id": "BLDG-152",
      "properties": {
        "id": "BLDG-152",
        "layer": "BUILDING_FOOTPRINT",
        "building_type": "existing_retained",
        "intervention": "retain",
        "concept_floors": "existing",
        "massing_status": "conceptual_design_suggestion",
        "name_zh": "西侧现状街坊（保留更新）",
        "source_type": "agent_generated_design",
        "confidence": "low",
        "geometry_role": "design_proposal",
        "area_sqm_declared": 4400.445,
        "design_note_zh": "概念体量建议，非建筑高度或容积率结论；待正式控规条件确认。"
      },
      "geometry": {
        "type": "Polygon",
        "coordinates": [
          [
            [
              116.3449508,
              39.9522711
            ],
            [
              116.3449461,
              39.9527664
            ],
            [
              116.3440099,
              39.9527612
            ],
            [
              116.3440147,
              39.9522658
            ],
            [
              116.3449508,
              39.9522711
            ]
          ]
        ]
      }
    },
    {
      "type": "Feature",
      "id": "BLDG-153",
      "properties": {
        "id": "BLDG-153",
        "layer": "BUILDING_FOOTPRINT",
        "building_type": "existing_retained",
        "intervention": "retain",
        "concept_floors": "existing",
        "massing_status": "conceptual_design_suggestion",
        "name_zh": "西侧现状街坊（保留更新）",
        "source_type": "agent_generated_design",
        "confidence": "low",
        "geometry_role": "design_proposal",
        "area_sqm_declared": 4399.942,
        "design_note_zh": "概念体量建议，非建筑高度或容积率结论；待正式控规条件确认。"
      },
      "geometry": {
        "type": "Polygon",
        "coordinates": [
          [
            [
              116.3433616,
              39.9532528
            ],
            [
              116.3433569,
              39.9537481
            ],
            [
              116.3424207,
              39.9537428
            ],
            [
              116.3424255,
              39.9532475
            ],
            [
              116.3433616,
              39.9532528
            ]
          ]
        ]
      }
    },
    {
      "type": "Feature",
      "id": "BLDG-154",
      "properties": {
        "id": "BLDG-154",
        "layer": "BUILDING_FOOTPRINT",
        "building_type": "existing_retained",
        "intervention": "retain",
        "concept_floors": "existing",
        "massing_status": "conceptual_design_suggestion",
        "name_zh": "西侧现状街坊（保留更新）",
        "source_type": "agent_generated_design",
        "confidence": "low",
        "geometry_role": "design_proposal",
        "area_sqm_declared": 4399.703,
        "design_note_zh": "概念体量建议，非建筑高度或容积率结论；待正式控规条件确认。"
      },
      "geometry": {
        "type": "Polygon",
        "coordinates": [
          [
            [
              116.3449413,
              39.9532618
            ],
            [
              116.3449366,
              39.9537571
            ],
            [
              116.3440005,
              39.9537518
            ],
            [
              116.3440052,
              39.9532565
            ],
            [
              116.3449413,
              39.9532618
            ]
          ]
        ]
      }
    },
    {
      "type": "Feature",
      "id": "BLDG-155",
      "properties": {
        "id": "BLDG-155",
        "layer": "BUILDING_FOOTPRINT",
        "building_type": "existing_retained",
        "intervention": "retain",
        "concept_floors": "existing",
        "massing_status": "conceptual_design_suggestion",
        "name_zh": "西侧现状街坊（保留更新）",
        "source_type": "agent_generated_design",
        "confidence": "low",
        "geometry_role": "design_proposal",
        "area_sqm_declared": 4400.768,
        "design_note_zh": "概念体量建议，非建筑高度或容积率结论；待正式控规条件确认。"
      },
      "geometry": {
        "type": "Polygon",
        "coordinates": [
          [
            [
              116.3433521,
              39.9542434
            ],
            [
              116.3433474,
              39.9547388
            ],
            [
              116.3424112,
              39.9547335
            ],
            [
              116.342416,
              39.9542381
            ],
            [
              116.3433521,
              39.9542434
            ]
          ]
        ]
      }
    },
    {
      "type": "Feature",
      "id": "BLDG-156",
      "properties": {
        "id": "BLDG-156",
        "layer": "BUILDING_FOOTPRINT",
        "building_type": "existing_retained",
        "intervention": "retain",
        "concept_floors": "existing",
        "massing_status": "conceptual_design_suggestion",
        "name_zh": "西侧现状街坊（保留更新）",
        "source_type": "agent_generated_design",
        "confidence": "low",
        "geometry_role": "design_proposal",
        "area_sqm_declared": 4400.11,
        "design_note_zh": "概念体量建议，非建筑高度或容积率结论；待正式控规条件确认。"
      },
      "geometry": {
        "type": "Polygon",
        "coordinates": [
          [
            [
              116.3449319,
              39.9542524
            ],
            [
              116.3449272,
              39.9547477
            ],
            [
              116.343991,
              39.9547424
            ],
            [
              116.3439957,
              39.9542471
            ],
            [
              116.3449319,
              39.9542524
            ]
          ]
        ]
      }
    },
    {
      "type": "Feature",
      "id": "BLDG-157",
      "properties": {
        "id": "BLDG-157",
        "layer": "BUILDING_FOOTPRINT",
        "building_type": "existing_retained",
        "intervention": "retain",
        "concept_floors": "existing",
        "massing_status": "conceptual_design_suggestion",
        "name_zh": "西侧现状街坊（保留更新）",
        "source_type": "agent_generated_design",
        "confidence": "low",
        "geometry_role": "design_proposal",
        "area_sqm_declared": 4400.055,
        "design_note_zh": "概念体量建议，非建筑高度或容积率结论；待正式控规条件确认。"
      },
      "geometry": {
        "type": "Polygon",
        "coordinates": [
          [
            [
              116.3433427,
              39.9552341
            ],
            [
              116.3433379,
              39.9557294
            ],
            [
              116.3424017,
              39.9557241
            ],
            [
              116.3424065,
              39.9552288
            ],
            [
              116.3433427,
              39.9552341
            ]
          ]
        ]
      }
    },
    {
      "type": "Feature",
      "id": "BLDG-158",
      "properties": {
        "id": "BLDG-158",
        "layer": "BUILDING_FOOTPRINT",
        "building_type": "existing_retained",
        "intervention": "retain",
        "concept_floors": "existing",
        "massing_status": "conceptual_design_suggestion",
        "name_zh": "西侧现状街坊（保留更新）",
        "source_type": "agent_generated_design",
        "confidence": "low",
        "geometry_role": "design_proposal",
        "area_sqm_declared": 4399.815,
        "design_note_zh": "概念体量建议，非建筑高度或容积率结论；待正式控规条件确认。"
      },
      "geometry": {
        "type": "Polygon",
        "coordinates": [
          [
            [
              116.3449224,
              39.955243
            ],
            [
              116.3449177,
              39.9557383
            ],
            [
              116.3439815,
              39.955733
            ],
            [
              116.3439863,
              39.9552377
            ],
            [
              116.3449224,
              39.955243
            ]
          ]
        ]
      }
    },
    {
      "type": "Feature",
      "id": "BLDG-159",
      "properties": {
        "id": "BLDG-159",
        "layer": "BUILDING_FOOTPRINT",
        "building_type": "existing_retained",
        "intervention": "retain",
        "concept_floors": "existing",
        "massing_status": "conceptual_design_suggestion",
        "name_zh": "西侧现状街坊（保留更新）",
        "source_type": "agent_generated_design",
        "confidence": "low",
        "geometry_role": "design_proposal",
        "area_sqm_declared": 4399.994,
        "design_note_zh": "概念体量建议，非建筑高度或容积率结论；待正式控规条件确认。"
      },
      "geometry": {
        "type": "Polygon",
        "coordinates": [
          [
            [
              116.3417534,
              39.9562157
            ],
            [
              116.3417486,
              39.956711
            ],
            [
              116.3408124,
              39.9567057
            ],
            [
              116.3408172,
              39.9562104
            ],
            [
              116.3417534,
              39.9562157
            ]
          ]
        ]
      }
    },
    {
      "type": "Feature",
      "id": "BLDG-160",
      "properties": {
        "id": "BLDG-160",
        "layer": "BUILDING_FOOTPRINT",
        "building_type": "existing_retained",
        "intervention": "retain",
        "concept_floors": "existing",
        "massing_status": "conceptual_design_suggestion",
        "name_zh": "西侧现状街坊（保留更新）",
        "source_type": "agent_generated_design",
        "confidence": "low",
        "geometry_role": "design_proposal",
        "area_sqm_declared": 4399.754,
        "design_note_zh": "概念体量建议，非建筑高度或容积率结论；待正式控规条件确认。"
      },
      "geometry": {
        "type": "Polygon",
        "coordinates": [
          [
            [
              116.3433332,
              39.9562247
            ],
            [
              116.3433284,
              39.95672
            ],
            [
              116.3423923,
              39.9567147
            ],
            [
              116.342397,
              39.9562194
            ],
            [
              116.3433332,
              39.9562247
            ]
          ]
        ]
      }
    },
    {
      "type": "Feature",
      "id": "BLDG-161",
      "properties": {
        "id": "BLDG-161",
        "layer": "BUILDING_FOOTPRINT",
        "building_type": "existing_retained",
        "intervention": "retain",
        "concept_floors": "existing",
        "massing_status": "conceptual_design_suggestion",
        "name_zh": "西侧现状街坊（保留更新）",
        "source_type": "agent_generated_design",
        "confidence": "low",
        "geometry_role": "design_proposal",
        "area_sqm_declared": 4400.194,
        "design_note_zh": "概念体量建议，非建筑高度或容积率结论；待正式控规条件确认。"
      },
      "geometry": {
        "type": "Polygon",
        "coordinates": [
          [
            [
              116.344913,
              39.9562336
            ],
            [
              116.3449082,
              39.9567289
            ],
            [
              116.3439721,
              39.9567237
            ],
            [
              116.3439768,
              39.9562283
            ],
            [
              116.344913,
              39.9562336
            ]
          ]
        ]
      }
    },
    {
      "type": "Feature",
      "id": "BLDG-162",
      "properties": {
        "id": "BLDG-162",
        "layer": "BUILDING_FOOTPRINT",
        "building_type": "existing_retained",
        "intervention": "retain",
        "concept_floors": "existing",
        "massing_status": "conceptual_design_suggestion",
        "name_zh": "西侧现状街坊（保留更新）",
        "source_type": "agent_generated_design",
        "confidence": "low",
        "geometry_role": "design_proposal",
        "area_sqm_declared": 4400.378,
        "design_note_zh": "概念体量建议，非建筑高度或容积率结论；待正式控规条件确认。"
      },
      "geometry": {
        "type": "Polygon",
        "coordinates": [
          [
            [
              116.3417439,
              39.9572064
            ],
            [
              116.3417391,
              39.9577017
            ],
            [
              116.3408029,
              39.9576964
            ],
            [
              116.3408077,
              39.957201
            ],
            [
              116.3417439,
              39.9572064
            ]
          ]
        ]
      }
    },
    {
      "type": "Feature",
      "id": "BLDG-163",
      "properties": {
        "id": "BLDG-163",
        "layer": "BUILDING_FOOTPRINT",
        "building_type": "existing_retained",
        "intervention": "retain",
        "concept_floors": "existing",
        "massing_status": "conceptual_design_suggestion",
        "name_zh": "西侧现状街坊（保留更新）",
        "source_type": "agent_generated_design",
        "confidence": "low",
        "geometry_role": "design_proposal",
        "area_sqm_declared": 4399.924,
        "design_note_zh": "概念体量建议，非建筑高度或容积率结论；待正式控规条件确认。"
      },
      "geometry": {
        "type": "Polygon",
        "coordinates": [
          [
            [
              116.3433237,
              39.9572153
            ],
            [
              116.343319,
              39.9577106
            ],
            [
              116.3423828,
              39.9577053
            ],
            [
              116.3423875,
              39.95721
            ],
            [
              116.3433237,
              39.9572153
            ]
          ]
        ]
      }
    },
    {
      "type": "Feature",
      "id": "BLDG-164",
      "properties": {
        "id": "BLDG-164",
        "layer": "BUILDING_FOOTPRINT",
        "building_type": "existing_retained",
        "intervention": "retain",
        "concept_floors": "existing",
        "massing_status": "conceptual_design_suggestion",
        "name_zh": "西侧现状街坊（保留更新）",
        "source_type": "agent_generated_design",
        "confidence": "low",
        "geometry_role": "design_proposal",
        "area_sqm_declared": 4399.922,
        "design_note_zh": "概念体量建议，非建筑高度或容积率结论；待正式控规条件确认。"
      },
      "geometry": {
        "type": "Polygon",
        "coordinates": [
          [
            [
              116.3449035,
              39.9572243
            ],
            [
              116.3448988,
              39.9577196
            ],
            [
              116.3439626,
              39.9577143
            ],
            [
              116.3439673,
              39.957219
            ],
            [
              116.3449035,
              39.9572243
            ]
          ]
        ]
      }
    },
    {
      "type": "Feature",
      "id": "BLDG-165",
      "properties": {
        "id": "BLDG-165",
        "layer": "BUILDING_FOOTPRINT",
        "building_type": "existing_retained",
        "intervention": "retain",
        "concept_floors": "existing",
        "massing_status": "conceptual_design_suggestion",
        "name_zh": "西侧现状街坊（保留更新）",
        "source_type": "agent_generated_design",
        "confidence": "low",
        "geometry_role": "design_proposal",
        "area_sqm_declared": 4399.869,
        "design_note_zh": "概念体量建议，非建筑高度或容积率结论；待正式控规条件确认。"
      },
      "geometry": {
        "type": "Polygon",
        "coordinates": [
          [
            [
              116.3417344,
              39.958197
            ],
            [
              116.3417296,
              39.9586923
            ],
            [
              116.3407934,
              39.958687
            ],
            [
              116.3407982,
              39.9581917
            ],
            [
              116.3417344,
              39.958197
            ]
          ]
        ]
      }
    },
    {
      "type": "Feature",
      "id": "BLDG-166",
      "properties": {
        "id": "BLDG-166",
        "layer": "BUILDING_FOOTPRINT",
        "building_type": "existing_retained",
        "intervention": "retain",
        "concept_floors": "existing",
        "massing_status": "conceptual_design_suggestion",
        "name_zh": "西侧现状街坊（保留更新）",
        "source_type": "agent_generated_design",
        "confidence": "low",
        "geometry_role": "design_proposal",
        "area_sqm_declared": 4400.308,
        "design_note_zh": "概念体量建议，非建筑高度或容积率结论；待正式控规条件确认。"
      },
      "geometry": {
        "type": "Polygon",
        "coordinates": [
          [
            [
              116.3433142,
              39.9582059
            ],
            [
              116.3433095,
              39.9587013
            ],
            [
              116.3423733,
              39.9586959
            ],
            [
              116.342378,
              39.9582006
            ],
            [
              116.3433142,
              39.9582059
            ]
          ]
        ]
      }
    },
    {
      "type": "Feature",
      "id": "BLDG-167",
      "properties": {
        "id": "BLDG-167",
        "layer": "BUILDING_FOOTPRINT",
        "building_type": "existing_retained",
        "intervention": "retain",
        "concept_floors": "existing",
        "massing_status": "conceptual_design_suggestion",
        "name_zh": "西侧现状街坊（保留更新）",
        "source_type": "agent_generated_design",
        "confidence": "low",
        "geometry_role": "design_proposal",
        "area_sqm_declared": 4399.864,
        "design_note_zh": "概念体量建议，非建筑高度或容积率结论；待正式控规条件确认。"
      },
      "geometry": {
        "type": "Polygon",
        "coordinates": [
          [
            [
              116.3448941,
              39.9582149
            ],
            [
              116.3448893,
              39.9587102
            ],
            [
              116.3439531,
              39.9587049
            ],
            [
              116.3439579,
              39.9582096
            ],
            [
              116.3448941,
              39.9582149
            ]
          ]
        ]
      }
    },
    {
      "type": "Feature",
      "id": "BLDG-168",
      "properties": {
        "id": "BLDG-168",
        "layer": "BUILDING_FOOTPRINT",
        "building_type": "existing_retained",
        "intervention": "retain",
        "concept_floors": "existing",
        "massing_status": "conceptual_design_suggestion",
        "name_zh": "西侧现状街坊（保留更新）",
        "source_type": "agent_generated_design",
        "confidence": "low",
        "geometry_role": "design_proposal",
        "area_sqm_declared": 4399.806,
        "design_note_zh": "概念体量建议，非建筑高度或容积率结论；待正式控规条件确认。"
      },
      "geometry": {
        "type": "Polygon",
        "coordinates": [
          [
            [
              116.3417249,
              39.9591876
            ],
            [
              116.3417201,
              39.9596829
            ],
            [
              116.3407839,
              39.9596776
            ],
            [
              116.3407887,
              39.9591823
            ],
            [
              116.3417249,
              39.9591876
            ]
          ]
        ]
      }
    },
    {
      "type": "Feature",
      "id": "BLDG-169",
      "properties": {
        "id": "BLDG-169",
        "layer": "BUILDING_FOOTPRINT",
        "building_type": "existing_retained",
        "intervention": "retain",
        "concept_floors": "existing",
        "massing_status": "conceptual_design_suggestion",
        "name_zh": "西侧现状街坊（保留更新）",
        "source_type": "agent_generated_design",
        "confidence": "low",
        "geometry_role": "design_proposal",
        "area_sqm_declared": 4400.036,
        "design_note_zh": "概念体量建议，非建筑高度或容积率结论；待正式控规条件确认。"
      },
      "geometry": {
        "type": "Polygon",
        "coordinates": [
          [
            [
              116.3433048,
              39.9591966
            ],
            [
              116.3433,
              39.9596919
            ],
            [
              116.3423638,
              39.9596866
            ],
            [
              116.3423685,
              39.9591913
            ],
            [
              116.3433048,
              39.9591966
            ]
          ]
        ]
      }
    },
    {
      "type": "Feature",
      "id": "BLDG-170",
      "properties": {
        "id": "BLDG-170",
        "layer": "BUILDING_FOOTPRINT",
        "building_type": "existing_retained",
        "intervention": "retain",
        "concept_floors": "existing",
        "massing_status": "conceptual_design_suggestion",
        "name_zh": "西侧现状街坊（保留更新）",
        "source_type": "agent_generated_design",
        "confidence": "low",
        "geometry_role": "design_proposal",
        "area_sqm_declared": 4399.796,
        "design_note_zh": "概念体量建议，非建筑高度或容积率结论；待正式控规条件确认。"
      },
      "geometry": {
        "type": "Polygon",
        "coordinates": [
          [
            [
              116.3448846,
              39.9592055
            ],
            [
              116.3448799,
              39.9597008
            ],
            [
              116.3439437,
              39.9596955
            ],
            [
              116.3439484,
              39.9592002
            ],
            [
              116.3448846,
              39.9592055
            ]
          ]
        ]
      }
    },
    {
      "type": "Feature",
      "id": "BLDG-171",
      "properties": {
        "id": "BLDG-171",
        "layer": "BUILDING_FOOTPRINT",
        "building_type": "existing_retained",
        "intervention": "retain",
        "concept_floors": "existing",
        "massing_status": "conceptual_design_suggestion",
        "name_zh": "西侧现状街坊（保留更新）",
        "source_type": "agent_generated_design",
        "confidence": "low",
        "geometry_role": "design_proposal",
        "area_sqm_declared": 4399.743,
        "design_note_zh": "概念体量建议，非建筑高度或容积率结论；待正式控规条件确认。"
      },
      "geometry": {
        "type": "Polygon",
        "coordinates": [
          [
            [
              116.3417154,
              39.9601782
            ],
            [
              116.3417106,
              39.9606735
            ],
            [
              116.3407744,
              39.9606682
            ],
            [
              116.3407792,
              39.9601729
            ],
            [
              116.3417154,
              39.9601782
            ]
          ]
        ]
      }
    },
    {
      "type": "Feature",
      "id": "BLDG-172",
      "properties": {
        "id": "BLDG-172",
        "layer": "BUILDING_FOOTPRINT",
        "building_type": "existing_retained",
        "intervention": "retain",
        "concept_floors": "existing",
        "massing_status": "conceptual_design_suggestion",
        "name_zh": "西侧现状街坊（保留更新）",
        "source_type": "agent_generated_design",
        "confidence": "low",
        "geometry_role": "design_proposal",
        "area_sqm_declared": 4399.973,
        "design_note_zh": "概念体量建议，非建筑高度或容积率结论；待正式控规条件确认。"
      },
      "geometry": {
        "type": "Polygon",
        "coordinates": [
          [
            [
              116.3432953,
              39.9601872
            ],
            [
              116.3432905,
              39.9606825
            ],
            [
              116.3423543,
              39.9606772
            ],
            [
              116.342359,
              39.9601819
            ],
            [
              116.3432953,
              39.9601872
            ]
          ]
        ]
      }
    },
    {
      "type": "Feature",
      "id": "BLDG-173",
      "properties": {
        "id": "BLDG-173",
        "layer": "BUILDING_FOOTPRINT",
        "building_type": "existing_retained",
        "intervention": "retain",
        "concept_floors": "existing",
        "massing_status": "conceptual_design_suggestion",
        "name_zh": "西侧现状街坊（保留更新）",
        "source_type": "agent_generated_design",
        "confidence": "low",
        "geometry_role": "design_proposal",
        "area_sqm_declared": 4399.971,
        "design_note_zh": "概念体量建议，非建筑高度或容积率结论；待正式控规条件确认。"
      },
      "geometry": {
        "type": "Polygon",
        "coordinates": [
          [
            [
              116.3448752,
              39.9601961
            ],
            [
              116.3448704,
              39.9606914
            ],
            [
              116.3439342,
              39.9606861
            ],
            [
              116.3439389,
              39.9601908
            ],
            [
              116.3448752,
              39.9601961
            ]
          ]
        ]
      }
    },
    {
      "type": "Feature",
      "id": "BLDG-174",
      "properties": {
        "id": "BLDG-174",
        "layer": "BUILDING_FOOTPRINT",
        "building_type": "existing_retained",
        "intervention": "retain",
        "concept_floors": "existing",
        "massing_status": "conceptual_design_suggestion",
        "name_zh": "西侧现状街坊（保留更新）",
        "source_type": "agent_generated_design",
        "confidence": "low",
        "geometry_role": "design_proposal",
        "area_sqm_declared": 4399.917,
        "design_note_zh": "概念体量建议，非建筑高度或容积率结论；待正式控规条件确认。"
      },
      "geometry": {
        "type": "Polygon",
        "coordinates": [
          [
            [
              116.3417059,
              39.9611689
            ],
            [
              116.3417011,
              39.9616642
            ],
            [
              116.3407649,
              39.9616588
            ],
            [
              116.3407696,
              39.9611635
            ],
            [
              116.3417059,
              39.9611689
            ]
          ]
        ]
      }
    },
    {
      "type": "Feature",
      "id": "BLDG-175",
      "properties": {
        "id": "BLDG-175",
        "layer": "BUILDING_FOOTPRINT",
        "building_type": "existing_retained",
        "intervention": "retain",
        "concept_floors": "existing",
        "massing_status": "conceptual_design_suggestion",
        "name_zh": "西侧现状街坊（保留更新）",
        "source_type": "agent_generated_design",
        "confidence": "low",
        "geometry_role": "design_proposal",
        "area_sqm_declared": 4399.911,
        "design_note_zh": "概念体量建议，非建筑高度或容积率结论；待正式控规条件确认。"
      },
      "geometry": {
        "type": "Polygon",
        "coordinates": [
          [
            [
              116.3432858,
              39.9611778
            ],
            [
              116.3432811,
              39.9616731
            ],
            [
              116.3423448,
              39.9616678
            ],
            [
              116.3423496,
              39.9611725
            ],
            [
              116.3432858,
              39.9611778
            ]
          ]
        ]
      }
    },
    {
      "type": "Feature",
      "id": "BLDG-176",
      "properties": {
        "id": "BLDG-176",
        "layer": "BUILDING_FOOTPRINT",
        "building_type": "existing_retained",
        "intervention": "retain",
        "concept_floors": "existing",
        "massing_status": "conceptual_design_suggestion",
        "name_zh": "西侧现状街坊（保留更新）",
        "source_type": "agent_generated_design",
        "confidence": "low",
        "geometry_role": "design_proposal",
        "area_sqm_declared": 4399.908,
        "design_note_zh": "概念体量建议，非建筑高度或容积率结论；待正式控规条件确认。"
      },
      "geometry": {
        "type": "Polygon",
        "coordinates": [
          [
            [
              116.3448657,
              39.9611868
            ],
            [
              116.344861,
              39.9616821
            ],
            [
              116.3439247,
              39.9616768
            ],
            [
              116.3439295,
              39.9611815
            ],
            [
              116.3448657,
              39.9611868
            ]
          ]
        ]
      }
    },
    {
      "type": "Feature",
      "id": "BLDG-177",
      "properties": {
        "id": "BLDG-177",
        "layer": "BUILDING_FOOTPRINT",
        "building_type": "existing_retained",
        "intervention": "retain",
        "concept_floors": "existing",
        "massing_status": "conceptual_design_suggestion",
        "name_zh": "西侧现状街坊（保留更新）",
        "source_type": "agent_generated_design",
        "confidence": "low",
        "geometry_role": "design_proposal",
        "area_sqm_declared": 4399.85,
        "design_note_zh": "概念体量建议，非建筑高度或容积率结论；待正式控规条件确认。"
      },
      "geometry": {
        "type": "Polygon",
        "coordinates": [
          [
            [
              116.3416964,
              39.9621595
            ],
            [
              116.3416916,
              39.9626548
            ],
            [
              116.3407554,
              39.9626495
            ],
            [
              116.3407601,
              39.9621542
            ],
            [
              116.3416964,
              39.9621595
            ]
          ]
        ]
      }
    },
    {
      "type": "Feature",
      "id": "BLDG-178",
      "properties": {
        "id": "BLDG-178",
        "layer": "BUILDING_FOOTPRINT",
        "building_type": "existing_retained",
        "intervention": "retain",
        "concept_floors": "existing",
        "massing_status": "conceptual_design_suggestion",
        "name_zh": "西侧现状街坊（保留更新）",
        "source_type": "agent_generated_design",
        "confidence": "low",
        "geometry_role": "design_proposal",
        "area_sqm_declared": 4399.848,
        "design_note_zh": "概念体量建议，非建筑高度或容积率结论；待正式控规条件确认。"
      },
      "geometry": {
        "type": "Polygon",
        "coordinates": [
          [
            [
              116.3432763,
              39.9621684
            ],
            [
              116.3432716,
              39.9626637
            ],
            [
              116.3423353,
              39.9626584
            ],
            [
              116.3423401,
              39.9621631
            ],
            [
              116.3432763,
              39.9621684
            ]
          ]
        ]
      }
    },
    {
      "type": "Feature",
      "id": "BLDG-179",
      "properties": {
        "id": "BLDG-179",
        "layer": "BUILDING_FOOTPRINT",
        "building_type": "existing_retained",
        "intervention": "retain",
        "concept_floors": "existing",
        "massing_status": "conceptual_design_suggestion",
        "name_zh": "西侧现状街坊（保留更新）",
        "source_type": "agent_generated_design",
        "confidence": "low",
        "geometry_role": "design_proposal",
        "area_sqm_declared": 4399.846,
        "design_note_zh": "概念体量建议，非建筑高度或容积率结论；待正式控规条件确认。"
      },
      "geometry": {
        "type": "Polygon",
        "coordinates": [
          [
            [
              116.3448563,
              39.9621774
            ],
            [
              116.3448515,
              39.9626727
            ],
            [
              116.3439153,
              39.9626674
            ],
            [
              116.34392,
              39.9621721
            ],
            [
              116.3448563,
              39.9621774
            ]
          ]
        ]
      }
    },
    {
      "type": "Feature",
      "id": "BLDG-180",
      "properties": {
        "id": "BLDG-180",
        "layer": "BUILDING_FOOTPRINT",
        "building_type": "existing_retained",
        "intervention": "retain",
        "concept_floors": "existing",
        "massing_status": "conceptual_design_suggestion",
        "name_zh": "西侧现状街坊（保留更新）",
        "source_type": "agent_generated_design",
        "confidence": "low",
        "geometry_role": "design_proposal",
        "area_sqm_declared": 4399.787,
        "design_note_zh": "概念体量建议，非建筑高度或容积率结论；待正式控规条件确认。"
      },
      "geometry": {
        "type": "Polygon",
        "coordinates": [
          [
            [
              116.3416869,
              39.9631501
            ],
            [
              116.3416821,
              39.9636454
            ],
            [
              116.3407459,
              39.9636401
            ],
            [
              116.3407506,
              39.9631448
            ],
            [
              116.3416869,
              39.9631501
            ]
          ]
        ]
      }
    },
    {
      "type": "Feature",
      "id": "BLDG-181",
      "properties": {
        "id": "BLDG-181",
        "layer": "BUILDING_FOOTPRINT",
        "building_type": "existing_retained",
        "intervention": "retain",
        "concept_floors": "existing",
        "massing_status": "conceptual_design_suggestion",
        "name_zh": "西侧现状街坊（保留更新）",
        "source_type": "agent_generated_design",
        "confidence": "low",
        "geometry_role": "design_proposal",
        "area_sqm_declared": 4399.785,
        "design_note_zh": "概念体量建议，非建筑高度或容积率结论；待正式控规条件确认。"
      },
      "geometry": {
        "type": "Polygon",
        "coordinates": [
          [
            [
              116.3432668,
              39.9631591
            ],
            [
              116.3432621,
              39.9636544
            ],
            [
              116.3423258,
              39.9636491
            ],
            [
              116.3423306,
              39.9631538
            ],
            [
              116.3432668,
              39.9631591
            ]
          ]
        ]
      }
    },
    {
      "type": "Feature",
      "id": "BLDG-182",
      "properties": {
        "id": "BLDG-182",
        "layer": "BUILDING_FOOTPRINT",
        "building_type": "existing_retained",
        "intervention": "retain",
        "concept_floors": "existing",
        "massing_status": "conceptual_design_suggestion",
        "name_zh": "西侧现状街坊（保留更新）",
        "source_type": "agent_generated_design",
        "confidence": "low",
        "geometry_role": "design_proposal",
        "area_sqm_declared": 4400.015,
        "design_note_zh": "概念体量建议，非建筑高度或容积率结论；待正式控规条件确认。"
      },
      "geometry": {
        "type": "Polygon",
        "coordinates": [
          [
            [
              116.3448468,
              39.963168
            ],
            [
              116.3448421,
              39.9636633
            ],
            [
              116.3439058,
              39.963658
            ],
            [
              116.3439105,
              39.9631627
            ],
            [
              116.3448468,
              39.963168
            ]
          ]
        ]
      }
    },
    {
      "type": "Feature",
      "id": "BLDG-183",
      "properties": {
        "id": "BLDG-183",
        "layer": "BUILDING_FOOTPRINT",
        "building_type": "existing_retained",
        "intervention": "retain",
        "concept_floors": "existing",
        "massing_status": "conceptual_design_suggestion",
        "name_zh": "西侧现状街坊（保留更新）",
        "source_type": "agent_generated_design",
        "confidence": "low",
        "geometry_role": "design_proposal",
        "area_sqm_declared": 4399.962,
        "design_note_zh": "概念体量建议，非建筑高度或容积率结论；待正式控规条件确认。"
      },
      "geometry": {
        "type": "Polygon",
        "coordinates": [
          [
            [
              116.3416774,
              39.9641407
            ],
            [
              116.3416726,
              39.964636
            ],
            [
              116.3407363,
              39.9646307
            ],
            [
              116.3407411,
              39.9641354
            ],
            [
              116.3416774,
              39.9641407
            ]
          ]
        ]
      }
    },
    {
      "type": "Feature",
      "id": "BLDG-184",
      "properties": {
        "id": "BLDG-184",
        "layer": "BUILDING_FOOTPRINT",
        "building_type": "existing_retained",
        "intervention": "retain",
        "concept_floors": "existing",
        "massing_status": "conceptual_design_suggestion",
        "name_zh": "西侧现状街坊（保留更新）",
        "source_type": "agent_generated_design",
        "confidence": "low",
        "geometry_role": "design_proposal",
        "area_sqm_declared": 4399.96,
        "design_note_zh": "概念体量建议，非建筑高度或容积率结论；待正式控规条件确认。"
      },
      "geometry": {
        "type": "Polygon",
        "coordinates": [
          [
            [
              116.3432574,
              39.9641497
            ],
            [
              116.3432526,
              39.964645
            ],
            [
              116.3423163,
              39.9646397
            ],
            [
              116.3423211,
              39.9641444
            ],
            [
              116.3432574,
              39.9641497
            ]
          ]
        ]
      }
    },
    {
      "type": "Feature",
      "id": "BLDG-185",
      "properties": {
        "id": "BLDG-185",
        "layer": "BUILDING_FOOTPRINT",
        "building_type": "existing_retained",
        "intervention": "retain",
        "concept_floors": "existing",
        "massing_status": "conceptual_design_suggestion",
        "name_zh": "西侧现状街坊（保留更新）",
        "source_type": "agent_generated_design",
        "confidence": "low",
        "geometry_role": "design_proposal",
        "area_sqm_declared": 4399.72,
        "design_note_zh": "概念体量建议，非建筑高度或容积率结论；待正式控规条件确认。"
      },
      "geometry": {
        "type": "Polygon",
        "coordinates": [
          [
            [
              116.3448373,
              39.9641586
            ],
            [
              116.3448326,
              39.9646539
            ],
            [
              116.3438963,
              39.9646486
            ],
            [
              116.3439011,
              39.9641533
            ],
            [
              116.3448373,
              39.9641586
            ]
          ]
        ]
      }
    },
    {
      "type": "Feature",
      "id": "BLDG-186",
      "properties": {
        "id": "BLDG-186",
        "layer": "BUILDING_FOOTPRINT",
        "building_type": "existing_retained",
        "intervention": "retain",
        "concept_floors": "existing",
        "massing_status": "conceptual_design_suggestion",
        "name_zh": "西侧现状街坊（保留更新）",
        "source_type": "agent_generated_design",
        "confidence": "low",
        "geometry_role": "design_proposal",
        "area_sqm_declared": 4400.346,
        "design_note_zh": "概念体量建议，非建筑高度或容积率结论；待正式控规条件确认。"
      },
      "geometry": {
        "type": "Polygon",
        "coordinates": [
          [
            [
              116.3416679,
              39.9651313
            ],
            [
              116.3416631,
              39.9656267
            ],
            [
              116.3407268,
              39.9656213
            ],
            [
              116.3407316,
              39.965126
            ],
            [
              116.3416679,
              39.9651313
            ]
          ]
        ]
      }
    },
    {
      "type": "Feature",
      "id": "BLDG-187",
      "properties": {
        "id": "BLDG-187",
        "layer": "BUILDING_FOOTPRINT",
        "building_type": "existing_retained",
        "intervention": "retain",
        "concept_floors": "existing",
        "massing_status": "conceptual_design_suggestion",
        "name_zh": "西侧现状街坊（保留更新）",
        "source_type": "agent_generated_design",
        "confidence": "low",
        "geometry_role": "design_proposal",
        "area_sqm_declared": 4399.897,
        "design_note_zh": "概念体量建议，非建筑高度或容积率结论；待正式控规条件确认。"
      },
      "geometry": {
        "type": "Polygon",
        "coordinates": [
          [
            [
              116.3432479,
              39.9651403
            ],
            [
              116.3432431,
              39.9656356
            ],
            [
              116.3423068,
              39.9656303
            ],
            [
              116.3423116,
              39.965135
            ],
            [
              116.3432479,
              39.9651403
            ]
          ]
        ]
      }
    },
    {
      "type": "Feature",
      "id": "BLDG-188",
      "properties": {
        "id": "BLDG-188",
        "layer": "BUILDING_FOOTPRINT",
        "building_type": "existing_retained",
        "intervention": "retain",
        "concept_floors": "existing",
        "massing_status": "conceptual_design_suggestion",
        "name_zh": "西侧现状街坊（保留更新）",
        "source_type": "agent_generated_design",
        "confidence": "low",
        "geometry_role": "design_proposal",
        "area_sqm_declared": 4400.332,
        "design_note_zh": "概念体量建议，非建筑高度或容积率结论；待正式控规条件确认。"
      },
      "geometry": {
        "type": "Polygon",
        "coordinates": [
          [
            [
              116.3448279,
              39.9651492
            ],
            [
              116.3448232,
              39.9656446
            ],
            [
              116.3438869,
              39.9656393
            ],
            [
              116.3438916,
              39.965144
            ],
            [
              116.3448279,
              39.9651492
            ]
          ]
        ]
      }
    },
    {
      "type": "Feature",
      "id": "BLDG-189",
      "properties": {
        "id": "BLDG-189",
        "layer": "BUILDING_FOOTPRINT",
        "building_type": "existing_retained",
        "intervention": "retain",
        "concept_floors": "existing",
        "massing_status": "conceptual_design_suggestion",
        "name_zh": "西侧现状街坊（保留更新）",
        "source_type": "agent_generated_design",
        "confidence": "low",
        "geometry_role": "design_proposal",
        "area_sqm_declared": 4400.283,
        "design_note_zh": "概念体量建议，非建筑高度或容积率结论；待正式控规条件确认。"
      },
      "geometry": {
        "type": "Polygon",
        "coordinates": [
          [
            [
              116.3416584,
              39.966122
            ],
            [
              116.3416536,
              39.9666173
            ],
            [
              116.3407173,
              39.966612
            ],
            [
              116.3407221,
              39.9661166
            ],
            [
              116.3416584,
              39.966122
            ]
          ]
        ]
      }
    },
    {
      "type": "Feature",
      "id": "BLDG-190",
      "properties": {
        "id": "BLDG-190",
        "layer": "BUILDING_FOOTPRINT",
        "building_type": "existing_retained",
        "intervention": "retain",
        "concept_floors": "existing",
        "massing_status": "conceptual_design_suggestion",
        "name_zh": "西侧现状街坊（保留更新）",
        "source_type": "agent_generated_design",
        "confidence": "low",
        "geometry_role": "design_proposal",
        "area_sqm_declared": 4400.067,
        "design_note_zh": "概念体量建议，非建筑高度或容积率结论；待正式控规条件确认。"
      },
      "geometry": {
        "type": "Polygon",
        "coordinates": [
          [
            [
              116.3432384,
              39.9661309
            ],
            [
              116.3432337,
              39.9666262
            ],
            [
              116.3422973,
              39.9666209
            ],
            [
              116.3423021,
              39.9661256
            ],
            [
              116.3432384,
              39.9661309
            ]
          ]
        ]
      }
    },
    {
      "type": "Feature",
      "id": "BLDG-191",
      "properties": {
        "id": "BLDG-191",
        "layer": "BUILDING_FOOTPRINT",
        "building_type": "existing_retained",
        "intervention": "retain",
        "concept_floors": "existing",
        "massing_status": "conceptual_design_suggestion",
        "name_zh": "西侧现状街坊（保留更新）",
        "source_type": "agent_generated_design",
        "confidence": "low",
        "geometry_role": "design_proposal",
        "area_sqm_declared": 4399.827,
        "design_note_zh": "概念体量建议，非建筑高度或容积率结论；待正式控规条件确认。"
      },
      "geometry": {
        "type": "Polygon",
        "coordinates": [
          [
            [
              116.3448184,
              39.9661399
            ],
            [
              116.3448137,
              39.9666352
            ],
            [
              116.3438774,
              39.9666299
            ],
            [
              116.3438821,
              39.9661346
            ],
            [
              116.3448184,
              39.9661399
            ]
          ]
        ]
      }
    },
    {
      "type": "Feature",
      "id": "BLDG-192",
      "properties": {
        "id": "BLDG-192",
        "layer": "BUILDING_FOOTPRINT",
        "building_type": "existing_retained",
        "intervention": "retain",
        "concept_floors": "existing",
        "massing_status": "conceptual_design_suggestion",
        "name_zh": "西侧现状街坊（保留更新）",
        "source_type": "agent_generated_design",
        "confidence": "low",
        "geometry_role": "design_proposal",
        "area_sqm_declared": 4399.774,
        "design_note_zh": "概念体量建议，非建筑高度或容积率结论；待正式控规条件确认。"
      },
      "geometry": {
        "type": "Polygon",
        "coordinates": [
          [
            [
              116.3416489,
              39.9671126
            ],
            [
              116.3416441,
              39.9676079
            ],
            [
              116.3407078,
              39.9676026
            ],
            [
              116.3407126,
              39.9671073
            ],
            [
              116.3416489,
              39.9671126
            ]
          ]
        ]
      }
    },
    {
      "type": "Feature",
      "id": "BLDG-193",
      "properties": {
        "id": "BLDG-193",
        "layer": "BUILDING_FOOTPRINT",
        "building_type": "existing_retained",
        "intervention": "retain",
        "concept_floors": "existing",
        "massing_status": "conceptual_design_suggestion",
        "name_zh": "西侧现状街坊（保留更新）",
        "source_type": "agent_generated_design",
        "confidence": "low",
        "geometry_role": "design_proposal",
        "area_sqm_declared": 4400.213,
        "design_note_zh": "概念体量建议，非建筑高度或容积率结论；待正式控规条件确认。"
      },
      "geometry": {
        "type": "Polygon",
        "coordinates": [
          [
            [
              116.3432289,
              39.9671216
            ],
            [
              116.3432242,
              39.9676169
            ],
            [
              116.3422879,
              39.9676116
            ],
            [
              116.3422926,
              39.9671162
            ],
            [
              116.3432289,
              39.9671216
            ]
          ]
        ]
      }
    },
    {
      "type": "Feature",
      "id": "BLDG-194",
      "properties": {
        "id": "BLDG-194",
        "layer": "BUILDING_FOOTPRINT",
        "building_type": "existing_retained",
        "intervention": "retain",
        "concept_floors": "existing",
        "massing_status": "conceptual_design_suggestion",
        "name_zh": "西侧现状街坊（保留更新）",
        "source_type": "agent_generated_design",
        "confidence": "low",
        "geometry_role": "design_proposal",
        "area_sqm_declared": 4400.002,
        "design_note_zh": "概念体量建议，非建筑高度或容积率结论；待正式控规条件确认。"
      },
      "geometry": {
        "type": "Polygon",
        "coordinates": [
          [
            [
              116.344809,
              39.9671305
            ],
            [
              116.3448042,
              39.9676258
            ],
            [
              116.3438679,
              39.9676205
            ],
            [
              116.3438726,
              39.9671252
            ],
            [
              116.344809,
              39.9671305
            ]
          ]
        ]
      }
    },
    {
      "type": "Feature",
      "id": "BLDG-195",
      "properties": {
        "id": "BLDG-195",
        "layer": "BUILDING_FOOTPRINT",
        "building_type": "existing_retained",
        "intervention": "retain",
        "concept_floors": "existing",
        "massing_status": "conceptual_design_suggestion",
        "name_zh": "西侧现状街坊（保留更新）",
        "source_type": "agent_generated_design",
        "confidence": "low",
        "geometry_role": "design_proposal",
        "area_sqm_declared": 4399.943,
        "design_note_zh": "概念体量建议，非建筑高度或容积率结论；待正式控规条件确认。"
      },
      "geometry": {
        "type": "Polygon",
        "coordinates": [
          [
            [
              116.3416394,
              39.9681032
            ],
            [
              116.3416346,
              39.9685985
            ],
            [
              116.3406983,
              39.9685932
            ],
            [
              116.340703,
              39.9680979
            ],
            [
              116.3416394,
              39.9681032
            ]
          ]
        ]
      }
    },
    {
      "type": "Feature",
      "id": "BLDG-196",
      "properties": {
        "id": "BLDG-196",
        "layer": "BUILDING_FOOTPRINT",
        "building_type": "existing_retained",
        "intervention": "retain",
        "concept_floors": "existing",
        "massing_status": "conceptual_design_suggestion",
        "name_zh": "西侧现状街坊（保留更新）",
        "source_type": "agent_generated_design",
        "confidence": "low",
        "geometry_role": "design_proposal",
        "area_sqm_declared": 4399.704,
        "design_note_zh": "概念体量建议，非建筑高度或容积率结论；待正式控规条件确认。"
      },
      "geometry": {
        "type": "Polygon",
        "coordinates": [
          [
            [
              116.3432194,
              39.9681122
            ],
            [
              116.3432147,
              39.9686075
            ],
            [
              116.3422784,
              39.9686022
            ],
            [
              116.3422831,
              39.9681069
            ],
            [
              116.3432194,
              39.9681122
            ]
          ]
        ]
      }
    },
    {
      "type": "Feature",
      "id": "BLDG-197",
      "properties": {
        "id": "BLDG-197",
        "layer": "BUILDING_FOOTPRINT",
        "building_type": "existing_retained",
        "intervention": "retain",
        "concept_floors": "existing",
        "massing_status": "conceptual_design_suggestion",
        "name_zh": "西侧现状街坊（保留更新）",
        "source_type": "agent_generated_design",
        "confidence": "low",
        "geometry_role": "design_proposal",
        "area_sqm_declared": 4399.939,
        "design_note_zh": "概念体量建议，非建筑高度或容积率结论；待正式控规条件确认。"
      },
      "geometry": {
        "type": "Polygon",
        "coordinates": [
          [
            [
              116.3447995,
              39.9681211
            ],
            [
              116.3447948,
              39.9686164
            ],
            [
              116.3438584,
              39.9686111
            ],
            [
              116.3438632,
              39.9681158
            ],
            [
              116.3447995,
              39.9681211
            ]
          ]
        ]
      }
    },
    {
      "type": "Feature",
      "id": "BLDG-198",
      "properties": {
        "id": "BLDG-198",
        "layer": "BUILDING_FOOTPRINT",
        "building_type": "existing_retained",
        "intervention": "retain",
        "concept_floors": "existing",
        "massing_status": "conceptual_design_suggestion",
        "name_zh": "西侧现状街坊（保留更新）",
        "source_type": "agent_generated_design",
        "confidence": "low",
        "geometry_role": "design_proposal",
        "area_sqm_declared": 4399.881,
        "design_note_zh": "概念体量建议，非建筑高度或容积率结论；待正式控规条件确认。"
      },
      "geometry": {
        "type": "Polygon",
        "coordinates": [
          [
            [
              116.3416299,
              39.9690938
            ],
            [
              116.3416251,
              39.9695891
            ],
            [
              116.3406888,
              39.9695838
            ],
            [
              116.3406935,
              39.9690885
            ],
            [
              116.3416299,
              39.9690938
            ]
          ]
        ]
      }
    },
    {
      "type": "Feature",
      "id": "BLDG-199",
      "properties": {
        "id": "BLDG-199",
        "layer": "BUILDING_FOOTPRINT",
        "building_type": "existing_retained",
        "intervention": "retain",
        "concept_floors": "existing",
        "massing_status": "conceptual_design_suggestion",
        "name_zh": "西侧现状街坊（保留更新）",
        "source_type": "agent_generated_design",
        "confidence": "low",
        "geometry_role": "design_proposal",
        "area_sqm_declared": 4399.879,
        "design_note_zh": "概念体量建议，非建筑高度或容积率结论；待正式控规条件确认。"
      },
      "geometry": {
        "type": "Polygon",
        "coordinates": [
          [
            [
              116.34321,
              39.9691028
            ],
            [
              116.3432052,
              39.9695981
            ],
            [
              116.3422689,
              39.9695928
            ],
            [
              116.3422736,
              39.9690975
            ],
            [
              116.34321,
              39.9691028
            ]
          ]
        ]
      }
    },
    {
      "type": "Feature",
      "id": "BLDG-200",
      "properties": {
        "id": "BLDG-200",
        "layer": "BUILDING_FOOTPRINT",
        "building_type": "existing_retained",
        "intervention": "retain",
        "concept_floors": "existing",
        "massing_status": "conceptual_design_suggestion",
        "name_zh": "西侧现状街坊（保留更新）",
        "source_type": "agent_generated_design",
        "confidence": "low",
        "geometry_role": "design_proposal",
        "area_sqm_declared": 4400.318,
        "design_note_zh": "概念体量建议，非建筑高度或容积率结论；待正式控规条件确认。"
      },
      "geometry": {
        "type": "Polygon",
        "coordinates": [
          [
            [
              116.3447901,
              39.9691117
            ],
            [
              116.3447853,
              39.969607
            ],
            [
              116.343849,
              39.9696018
            ],
            [
              116.3438537,
              39.9691064
            ],
            [
              116.3447901,
              39.9691117
            ]
          ]
        ]
      }
    },
    {
      "type": "Feature",
      "id": "BLDG-201",
      "properties": {
        "id": "BLDG-201",
        "layer": "BUILDING_FOOTPRINT",
        "building_type": "existing_retained",
        "intervention": "retain",
        "concept_floors": "existing",
        "massing_status": "conceptual_design_suggestion",
        "name_zh": "西侧现状街坊（保留更新）",
        "source_type": "agent_generated_design",
        "confidence": "low",
        "geometry_role": "design_proposal",
        "area_sqm_declared": 4400.06,
        "design_note_zh": "概念体量建议，非建筑高度或容积率结论；待正式控规条件确认。"
      },
      "geometry": {
        "type": "Polygon",
        "coordinates": [
          [
            [
              116.3416204,
              39.9700845
            ],
            [
              116.3416156,
              39.9705798
            ],
            [
              116.3406792,
              39.9705744
            ],
            [
              116.340684,
              39.9700791
            ],
            [
              116.3416204,
              39.9700845
            ]
          ]
        ]
      }
    },
    {
      "type": "Feature",
      "id": "BLDG-202",
      "properties": {
        "id": "BLDG-202",
        "layer": "BUILDING_FOOTPRINT",
        "building_type": "existing_retained",
        "intervention": "retain",
        "concept_floors": "existing",
        "massing_status": "conceptual_design_suggestion",
        "name_zh": "西侧现状街坊（保留更新）",
        "source_type": "agent_generated_design",
        "confidence": "low",
        "geometry_role": "design_proposal",
        "area_sqm_declared": 4399.816,
        "design_note_zh": "概念体量建议，非建筑高度或容积率结论；待正式控规条件确认。"
      },
      "geometry": {
        "type": "Polygon",
        "coordinates": [
          [
            [
              116.3432005,
              39.9700934
            ],
            [
              116.3431957,
              39.9705887
            ],
            [
              116.3422594,
              39.9705834
            ],
            [
              116.3422641,
              39.9700881
            ],
            [
              116.3432005,
              39.9700934
            ]
          ]
        ]
      }
    },
    {
      "type": "Feature",
      "id": "BLDG-203",
      "properties": {
        "id": "BLDG-203",
        "layer": "BUILDING_FOOTPRINT",
        "building_type": "existing_retained",
        "intervention": "retain",
        "concept_floors": "existing",
        "massing_status": "conceptual_design_suggestion",
        "name_zh": "西侧现状街坊（保留更新）",
        "source_type": "agent_generated_design",
        "confidence": "low",
        "geometry_role": "design_proposal",
        "area_sqm_declared": 4400.046,
        "design_note_zh": "概念体量建议，非建筑高度或容积率结论；待正式控规条件确认。"
      },
      "geometry": {
        "type": "Polygon",
        "coordinates": [
          [
            [
              116.3447806,
              39.9701024
            ],
            [
              116.3447759,
              39.9705977
            ],
            [
              116.3438395,
              39.9705924
            ],
            [
              116.3438442,
              39.9700971
            ],
            [
              116.3447806,
              39.9701024
            ]
          ]
        ]
      }
    },
    {
      "type": "Feature",
      "id": "BLDG-204",
      "properties": {
        "id": "BLDG-204",
        "layer": "BUILDING_FOOTPRINT",
        "building_type": "existing_retained",
        "intervention": "retain",
        "concept_floors": "existing",
        "massing_status": "conceptual_design_suggestion",
        "name_zh": "西侧现状街坊（保留更新）",
        "source_type": "agent_generated_design",
        "confidence": "low",
        "geometry_role": "design_proposal",
        "area_sqm_declared": 4399.993,
        "design_note_zh": "概念体量建议，非建筑高度或容积率结论；待正式控规条件确认。"
      },
      "geometry": {
        "type": "Polygon",
        "coordinates": [
          [
            [
              116.3416109,
              39.9710751
            ],
            [
              116.3416061,
              39.9715704
            ],
            [
              116.3406697,
              39.9715651
            ],
            [
              116.3406745,
              39.9710698
            ],
            [
              116.3416109,
              39.9710751
            ]
          ]
        ]
      }
    },
    {
      "type": "Feature",
      "id": "BLDG-205",
      "properties": {
        "id": "BLDG-205",
        "layer": "BUILDING_FOOTPRINT",
        "building_type": "existing_retained",
        "intervention": "retain",
        "concept_floors": "existing",
        "massing_status": "conceptual_design_suggestion",
        "name_zh": "西侧现状街坊（保留更新）",
        "source_type": "agent_generated_design",
        "confidence": "low",
        "geometry_role": "design_proposal",
        "area_sqm_declared": 4399.985,
        "design_note_zh": "概念体量建议，非建筑高度或容积率结论；待正式控规条件确认。"
      },
      "geometry": {
        "type": "Polygon",
        "coordinates": [
          [
            [
              116.343191,
              39.971084
            ],
            [
              116.3431863,
              39.9715793
            ],
            [
              116.3422499,
              39.971574
            ],
            [
              116.3422546,
              39.9710787
            ],
            [
              116.343191,
              39.971084
            ]
          ]
        ]
      }
    },
    {
      "type": "Feature",
      "id": "BLDG-206",
      "properties": {
        "id": "BLDG-206",
        "layer": "BUILDING_FOOTPRINT",
        "building_type": "existing_retained",
        "intervention": "retain",
        "concept_floors": "existing",
        "massing_status": "conceptual_design_suggestion",
        "name_zh": "西侧现状街坊（保留更新）",
        "source_type": "agent_generated_design",
        "confidence": "low",
        "geometry_role": "design_proposal",
        "area_sqm_declared": 4399.751,
        "design_note_zh": "概念体量建议，非建筑高度或容积率结论；待正式控规条件确认。"
      },
      "geometry": {
        "type": "Polygon",
        "coordinates": [
          [
            [
              116.3447711,
              39.971093
            ],
            [
              116.3447664,
              39.9715883
            ],
            [
              116.34383,
              39.971583
            ],
            [
              116.3438348,
              39.9710877
            ],
            [
              116.3447711,
              39.971093
            ]
          ]
        ]
      }
    },
    {
      "type": "Feature",
      "id": "BLDG-207",
      "properties": {
        "id": "BLDG-207",
        "layer": "BUILDING_FOOTPRINT",
        "building_type": "community_service",
        "intervention": "renovate_concept",
        "concept_floors": "2-4",
        "massing_status": "conceptual_design_suggestion",
        "name_zh": "社区服务综合体",
        "source_type": "agent_generated_design",
        "confidence": "low",
        "geometry_role": "design_proposal",
        "area_sqm_declared": 2400.269,
        "design_note_zh": "概念体量建议，非建筑高度或容积率结论；待正式控规条件确认。"
      },
      "geometry": {
        "type": "Polygon",
        "coordinates": [
          [
            [
              116.3436274,
              39.9792144
            ],
            [
              116.3436239,
              39.9795746
            ],
            [
              116.3429215,
              39.9795707
            ],
            [
              116.342925,
              39.9792104
            ],
            [
              116.3436274,
              39.9792144
            ]
          ]
        ]
      }
    }
  ]
}
